year,country,beef,pig,poultry,sheep,measures,region,happiness_score,gdp_per_capita,social_support,healthy_life_expectancy,freedom_to_make_life_choices,generosity,perceptions_of_corruption,ISO3,Continent,Hemisphere,Human Development Groups,UNDP Developing Regions,HDI Rank (2021),Expected Years of Schooling
2015,Australia,20.6335798087031,22.0227668810292,42.2694495127556,9.39797310500404,KG_CAP,North America and ANZ,7.284,1.33358,1.30923,0.93156,0.65124,0.43562,0.35637,AUS,Oceania,Southern Hemisphere,Very High,,5.0,23.08892059
2015,Canada,17.6707152205321,18.0324897205705,32.6267255181398,0.915993172573386,KG_CAP,North America and ANZ,7.427,1.32629,1.32261,0.90563,0.63297,0.45811,0.32957,CAN,America,Northern Hemisphere,Very High,,15.0,15.89140034
2015,Japan,6.48735333048517,14.9610537599976,15.8016358794195,0.127247451501212,KG_CAP,East Asia,5.987,1.27074,1.25712,0.99111,0.49615,0.10705,0.1806,JPN,Asia,Northern Hemisphere,Very High,,19.0,15.16511414
2015,Mexico,8.62766060091595,12.1231855196893,27.1224961813577,0.536240490445425,KG_CAP,Latin America and Caribbean,7.187,1.02054,0.91451,0.81444,0.48181,0.14074,0.21312,MEX,America,Northern Hemisphere,High,LAC,86.0,14.19680977
2015,New Zealand,13.8713569494456,17.7865258358977,33.5926507488083,5.8673122411972,KG_CAP,North America and ANZ,7.286,1.25018,1.31967,0.90837,0.63938,0.47501,0.42922,NZL,Oceania,Southern Hemisphere,Very High,,13.0,18.86964989
2015,United States,24.6724113258516,22.7733360847122,47.9249891723618,0.454957040561563,KG_CAP,North America and ANZ,7.119,1.39451,1.24711,0.86179,0.54604,0.40105,0.1589,USA,America,Northern Hemisphere,Very High,,21.0,16.1919899
2015,Argentina,40.6550137323902,8.56280079697252,38.9433239596741,1.13777844305511,KG_CAP,Latin America and Caribbean,6.574,1.05351,1.24823,0.78723,0.44974,0.11451,0.08484,ARG,America,Southern Hemisphere,Very High,LAC,47.0,17.40954971
2015,Brazil,24.787159594424,12.0988670845222,40.6733690226165,0.55175516542406,KG_CAP,Latin America and Caribbean,6.983,0.98124,1.23287,0.69702,0.49049,0.14574,0.17521,BRA,America,Southern Hemisphere,High,LAC,87.0,15.36513042
2015,Chile,17.4455794185008,17.6216554483576,33.9237371512629,0.460349850563412,KG_CAP,Latin America and Caribbean,6.67,1.10715,1.12447,0.85857,0.44132,0.33363,0.12869,CHL,America,Southern Hemisphere,Very High,LAC,42.0,16.36503983
2015,China,3.36126460849498,32.1031751512805,10.872839800804,2.91634916695221,KG_CAP,East Asia,5.14,0.89012,0.94675,0.81658,0.51697,0.08185,0.02781,CHN,Asia,Northern Hemisphere,High,EAP,79.0,13.47687006
2015,Colombia,12.2947465515862,5.98303742949648,27.0721291224283,0.153235076005771,KG_CAP,Latin America and Caribbean,6.477,0.91861,1.24018,0.69077,0.53466,0.18401,0.0512,COL,America,Northern Hemisphere,High,LAC,88.0,14.29211044
2015,Ethiopia,2.73750155695732,0.0158627199086861,0.108352052642591,0.339698603424051,KG_CAP,Sub-Saharan Africa,4.512,0.19073,0.60406,0.44055,0.4345,0.24325,0.15048,ETH,Africa,Northern Hemisphere,Low,SSA,175.0,8.918518663
2015,India,0.448828626338598,0.205069025492956,2.20742902809013,0.476586154450562,KG_CAP,South Asia,4.565,0.64499,0.38174,0.51529,0.39786,0.26475,0.08492,IND,Asia,Northern Hemisphere,Medium,SA,132.0,11.94699955
2015,Indonesia,1.67120135074407,1.0144089709674,7.05211557854122,0.382474755301524,KG_CAP,Southeast Asia,5.399,0.82827,1.08708,0.63793,0.46611,0.51535,0.0,IDN,Asia,Southern Hemisphere,High,EAP,114.0,13.33804035
2015,Israel,19.4307230586203,1.53040439290576,64.9362001982055,1.71264285331328,KG_CAP,Middle East and North Africa,7.278,1.22857,1.22393,0.91387,0.41319,0.33172,0.07785,ISR,Asia,Northern Hemisphere,Very High,,22.0,16.17112923
2015,Kazakhstan,19.5443122872152,5.56065738246358,14.4822160381698,8.18114314610103,KG_CAP,Commonwealth of Independent States,5.855,1.12254,1.12241,0.64368,0.51649,0.11827,0.08454,KAZ,Asia,Northern Hemisphere,Very High,ECA,56.0,15.11816025
2015,Malaysia,5.83711164186469,6.15413469527354,47.2589150688276,1.10172309426961,KG_CAP,Southeast Asia,5.77,1.12486,1.07023,0.72394,0.53024,0.33075,0.10501,MYS,Asia,Northern Hemisphere,Very High,EAP,62.0,13.66390991
2015,Nigeria,1.49118532874599,1.15215749248294,0.994146081591329,1.91229416231905,KG_CAP,Sub-Saharan Africa,5.268,0.65435,0.90432,0.16007,0.34334,0.27233,0.0403,NGA,Africa,Northern Hemisphere,Low,SSA,163.0,9.399784948
2015,Pakistan,6.211202703729,7.825514709e-07,5.11370682702066,2.1781966798533,KG_CAP,South Asia,5.194,0.59543,0.41411,0.51466,0.12102,0.33671,0.10464,PAK,Asia,Northern Hemisphere,Low,SA,161.0,7.584290028
2015,Paraguay,9.80795350375776,21.6677386893469,5.82760607067074,0.489511936746354,KG_CAP,Latin America and Caribbean,5.878,0.75985,1.30477,0.66098,0.53899,0.3424,0.08242,PRY,America,Southern Hemisphere,High,LAC,105.0,12.99628522
2015,Peru,4.50519648075276,3.81360783546705,38.1816634432329,1.09571612560673,KG_CAP,Latin America and Caribbean,5.824,0.90019,0.97459,0.73017,0.41496,0.14982,0.05989,PER,America,Southern Hemisphere,High,LAC,84.0,14.65704384
2015,Philippines,3.06412428145393,14.3561563579375,12.214833256757,0.497254979283692,KG_CAP,Southeast Asia,5.073,0.70532,1.03516,0.58114,0.62545,0.24991,0.12279,PHL,Asia,Northern Hemisphere,Medium,EAP,116.0,12.82507992
2015,Saudi Arabia,4.52486009282949,0.197565974881846,42.9322178339913,5.60472799939197,KG_CAP,Middle East and North Africa,6.411,1.39541,1.08393,0.72025,0.31048,0.13706,0.32524,SAU,Asia,Northern Hemisphere,Very High,AS,35.0,15.77921132
2015,South Africa,12.4638904275967,3.5227607588254,33.9587826312295,2.99861991610615,KG_CAP,Sub-Saharan Africa,4.642,0.92049,1.18468,0.27688,0.33207,0.11973,0.08884,ZAF,Africa,Southern Hemisphere,High,SSA,109.0,14.00878525
2015,Thailand,1.1731384473165,10.3723642078678,10.4451815541183,0.0432722390298195,KG_CAP,Southeast Asia,6.455,0.9669,1.26504,0.7385,0.55664,0.5763,0.03187,THA,Asia,Northern Hemisphere,Very High,EAP,66.0,15.56759501
2015,Ukraine,5.49053496794016,12.8632921960989,21.141836972065,0.269868060560835,KG_CAP,Central and Eastern Europe,4.681,0.79907,1.20278,0.6739,0.25123,0.15275,0.02961,UKR,Europe,Northern Hemisphere,High,ECA,77.0,14.88242753
2015,Norway,24.869493656543945,0.30470242020804555,2.2984898166263843,9.466976084776189,THND_TONNE,Western Europe,7.522,1.459,1.33095,0.88521,0.66973,0.34699,0.36503,NOR,Europe,Northern Hemisphere,Very High,,2.0,17.78388977
2015,Ethiopia,0.09718948603828619,41.66955634558019,3.086889968098769,32.97125933931477,THND_TONNE,Sub-Saharan Africa,4.512,0.19073,0.60406,0.44055,0.4345,0.24325,0.15048,ETH,Africa,Northern Hemisphere,Low,SSA,175.0,8.918518663
2015,Thailand,12.715680373328112,16.924813648354988,0.047020056090356414,18.84125909628842,THND_TONNE,Southeast Asia,6.455,0.9669,1.26504,0.7385,0.55664,0.5763,0.03187,THA,Asia,Northern Hemisphere,Very High,EAP,66.0,15.56759501
2015,Ethiopia,0.01605269180292753,24.90320075694241,28.03310759299882,4.924836862948398,THND_TONNE,Sub-Saharan Africa,4.512,0.19073,0.60406,0.44055,0.4345,0.24325,0.15048,ETH,Africa,Northern Hemisphere,Low,SSA,175.0,8.918518663
2015,Thailand,11.34984076534957,35.31705775865544,1.6086484824273064,10.61993610515108,THND_TONNE,Southeast Asia,6.455,0.9669,1.26504,0.7385,0.55664,0.5763,0.03187,THA,Asia,Northern Hemisphere,Very High,EAP,66.0,15.56759501
2015,Israel,1.6217676011585476,1.4378226765869455,6.358641653527303,33.66920969152477,THND_TONNE,Middle East and North Africa,7.278,1.22857,1.22393,0.91387,0.41319,0.33172,0.07785,ISR,Asia,Northern Hemisphere,Very High,,22.0,16.17112923
2015,Nigeria,1.7245625923322756,36.218452314193605,16.249827232367302,0.9145614942287118,THND_TONNE,Sub-Saharan Africa,5.268,0.65435,0.90432,0.16007,0.34334,0.27233,0.0403,NGA,Africa,Northern Hemisphere,Low,SSA,163.0,9.399784948
2015,Nigeria,1.759208871694063,1.1958112230789575,60.99317186963512,33.7256962177634,THND_TONNE,Sub-Saharan Africa,5.268,0.65435,0.90432,0.16007,0.34334,0.27233,0.0403,NGA,Africa,Northern Hemisphere,Low,SSA,163.0,9.399784948
2015,New Zealand,17.507342526917235,13.181509690542738,8.292092455678109,5.890550041467059,THND_TONNE,North America and ANZ,7.286,1.25018,1.31967,0.90837,0.63938,0.47501,0.42922,NZL,Oceania,Southern Hemisphere,Very High,,13.0,18.86964989
2015,Kazakhstan,14.678617915253016,23.59880631565349,39.62943970315712,18.9791765025644,THND_TONNE,Commonwealth of Independent States,5.855,1.12254,1.12241,0.64368,0.51649,0.11827,0.08454,KAZ,Asia,Northern Hemisphere,Very High,ECA,56.0,15.11816025
2015,Japan,19.7135640666759,0.5966900041130485,11.043680809754743,14.761657684064804,THND_TONNE,East Asia,5.987,1.27074,1.25712,0.99111,0.49615,0.10705,0.1806,JPN,Asia,Northern Hemisphere,Very High,,19.0,15.16511414
2015,United States,0.4938636749279157,11.963224419478353,27.890186502478873,2.2207867259674288,THND_TONNE,North America and ANZ,7.119,1.39451,1.24711,0.86179,0.54604,0.40105,0.1589,USA,America,Northern Hemisphere,Very High,,21.0,16.1919899
2015,Argentina,41.183524936168645,5.878431411539972,54.04919653180745,52.0233981747566,THND_TONNE,Latin America and Caribbean,6.574,1.05351,1.24823,0.78723,0.44974,0.11451,0.08484,ARG,America,Southern Hemisphere,Very High,LAC,47.0,17.40954971
2015,Colombia,7.102619694709691,1.2032287467273362,22.94393697538051,2.2267538776492506e-06,THND_TONNE,Latin America and Caribbean,6.477,0.91861,1.24018,0.69077,0.53466,0.18401,0.0512,COL,America,Northern Hemisphere,High,LAC,88.0,14.29211044
2015,Brazil,43.98580067799437,4.465675766763672,1.1372636028827818,7.467301978198217,THND_TONNE,Latin America and Caribbean,6.983,0.98124,1.23287,0.69702,0.49049,0.14574,0.17521,BRA,America,Southern Hemisphere,High,LAC,87.0,15.36513042
2015,Brazil,33.69874676492659,4.747229229088109,6.330802028153821,10.216318135628931,THND_TONNE,Latin America and Caribbean,6.983,0.98124,1.23287,0.69702,0.49049,0.14574,0.17521,BRA,America,Southern Hemisphere,High,LAC,87.0,15.36513042
2015,Colombia,16.263461451687284,1.209747110653536,1.1367811392386682,28.48598129671733,THND_TONNE,Latin America and Caribbean,6.477,0.91861,1.24018,0.69077,0.53466,0.18401,0.0512,COL,America,Northern Hemisphere,High,LAC,88.0,14.29211044
2015,Colombia,0.16123783575947703,9.525045962011587,7.065390165759648,18.531384479650054,THND_TONNE,Latin America and Caribbean,6.477,0.91861,1.24018,0.69077,0.53466,0.18401,0.0512,COL,America,Northern Hemisphere,High,LAC,88.0,14.29211044
2015,Pakistan,4.576139628290765,1.6025355619462294,0.1486154595451018,5.5210965249031005,THND_TONNE,South Asia,5.194,0.59543,0.41411,0.51466,0.12102,0.33671,0.10464,PAK,Asia,Northern Hemisphere,Low,SA,161.0,7.584290028
2015,Canada,33.24038716276453,22.551979162003484,3.7945720336695126,25.225259946639728,THND_TONNE,North America and ANZ,7.427,1.32629,1.32261,0.90563,0.63297,0.45811,0.32957,CAN,America,Northern Hemisphere,Very High,,15.0,15.89140034
2015,China,40.758756254850894,34.88336086895794,12.032596017280701,0.37013782958984326,THND_TONNE,East Asia,5.14,0.89012,0.94675,0.81658,0.51697,0.08185,0.02781,CHN,Asia,Northern Hemisphere,High,EAP,79.0,13.47687006
2015,Ukraine,28.997109306376757,7.454402937231445,0.5875177815143434,4.289965614169974,THND_TONNE,Central and Eastern Europe,4.681,0.79907,1.20278,0.6739,0.25123,0.15275,0.02961,UKR,Europe,Northern Hemisphere,High,ECA,77.0,14.88242753
2015,Paraguay,6.4076294738557795,28.169791433128374,6.9875314600946385,0.47337207842316265,THND_TONNE,Latin America and Caribbean,5.878,0.75985,1.30477,0.66098,0.53899,0.3424,0.08242,PRY,America,Southern Hemisphere,High,LAC,105.0,12.99628522
2015,South Africa,4.133363708148218,1.9492185379535065,18.45512306988664,0.4898362636257931,THND_TONNE,Sub-Saharan Africa,4.642,0.92049,1.18468,0.27688,0.33207,0.11973,0.08884,ZAF,Africa,Southern Hemisphere,High,SSA,109.0,14.00878525
2015,Canada,0.9332216828765078,15.955045325413213,20.726995205542774,13.557207207103216,THND_TONNE,North America and ANZ,7.427,1.32629,1.32261,0.90563,0.63297,0.45811,0.32957,CAN,America,Northern Hemisphere,Very High,,15.0,15.89140034
2015,Pakistan,7.900679106788979e-07,1.3932089842574091,42.9143255201936,12.235672796224101,THND_TONNE,South Asia,5.194,0.59543,0.41411,0.51466,0.12102,0.33671,0.10464,PAK,Asia,Northern Hemisphere,Low,SA,161.0,7.584290028
2015,Mexico,0.5971982252042055,20.44322488167496,0.5382332085701792,22.632438255093597,THND_TONNE,Latin America and Caribbean,7.187,1.02054,0.91451,0.81444,0.48181,0.14074,0.21312,MEX,America,Northern Hemisphere,High,LAC,86.0,14.19680977
2015,Paraguay,26.87873726806056,4.755237365030843,0.40429299656009504,16.295611307055218,THND_TONNE,Latin America and Caribbean,5.878,0.75985,1.30477,0.66098,0.53899,0.3424,0.08242,PRY,America,Southern Hemisphere,High,LAC,105.0,12.99628522
2015,India,0.24090397814499548,3.281892754800774,19.90454206872889,14.873426039033196,THND_TONNE,South Asia,4.565,0.64499,0.38174,0.51529,0.39786,0.26475,0.08492,IND,Asia,Northern Hemisphere,Medium,SA,132.0,11.94699955
2015,Mexico,15.232238301221308,0.21633947606113293,37.50750542280233,1.1211237061897676,THND_TONNE,Latin America and Caribbean,7.187,1.02054,0.91451,0.81444,0.48181,0.14074,0.21312,MEX,America,Northern Hemisphere,High,LAC,86.0,14.19680977
2015,Norway,13.9999166247211,20.5910756063007,15.8097155142641,4.600362011368,KG_CAP,Western Europe,7.522,1.459,1.33095,0.88521,0.66973,0.34699,0.36503,NOR,Europe,Northern Hemisphere,Very High,,2.0,17.78388977
2015,Switzerland,13.7984608707285,23.3723818945168,13.922538579735,1.30413838627714,KG_CAP,Western Europe,7.587,1.39651,1.34951,0.94143,0.66557,0.29678,0.41978,CHE,Europe,Northern Hemisphere,Very High,,1.0,16.19400978
2015,United Kingdom,16.005159427456473,20.23869923920995,29.005643189465985,4.879692983174835,THND_TONNE,Western Europe,6.867,1.26637,1.28548,0.90943,0.59625,0.51912,0.32067,GBR,Europe,Northern Hemisphere,Very High,,18.0,17.32865906
2015,United Kingdom,11.7094960938111,16.4989900549077,26.6775126131014,4.48802566646707,KG_CAP,Western Europe,6.867,1.26637,1.28548,0.90943,0.59625,0.51912,0.32067,GBR,Europe,Northern Hemisphere,Very High,,18.0,17.32865906
2016,Australia,19.4555358931342,21.488653016466,44.7812173897473,8.55472675043961,KG_CAP,North America and ANZ,7.313,1.44443,1.10476,0.8512,0.56837,0.47407,0.32331,AUS,Oceania,Southern Hemisphere,Very High,,5.0,22.74729919
2016,Canada,18.0531748257128,16.2477304142939,33.2734139245195,0.930445125908857,KG_CAP,North America and ANZ,7.404,1.44015,1.0961,0.8276,0.5737,0.44834,0.31329,CAN,America,Northern Hemisphere,Very High,,15.0,16.00966072
2016,Japan,6.4079913791247,15.378770392643,16.2486751450485,0.138095139931755,KG_CAP,East Asia,5.921,1.38007,1.06054,0.91491,0.46761,0.10224,0.18985,JPN,Asia,Northern Hemisphere,Very High,,19.0,15.22962
2016,Mexico,8.83538822963006,12.4159882395242,27.7914294328536,0.508493390797392,KG_CAP,Latin America and Caribbean,6.778,1.11508,0.7146,0.71143,0.37709,0.11735,0.18355,MEX,America,Northern Hemisphere,High,LAC,86.0,14.6375103
2016,New Zealand,12.5258861039458,17.4450671106832,37.2217474617778,5.51599036781563,KG_CAP,North America and ANZ,7.334,1.36066,1.17278,0.83096,0.58147,0.49401,0.41904,NZL,Oceania,Southern Hemisphere,Very High,,13.0,18.12450027
2016,United States,25.3735756177622,22.9426107461548,48.5466934001827,0.452833778469076,KG_CAP,North America and ANZ,7.104,1.50796,1.04782,0.779,0.48163,0.41077,0.14868,USA,America,Northern Hemisphere,Very High,,21.0,16.27448082
2016,Argentina,38.9692182643316,9.59901541823546,38.6239304789357,1.00411838023468,KG_CAP,Latin America and Caribbean,6.65,1.15137,1.06612,0.69711,0.42284,0.10989,0.07296,ARG,America,Southern Hemisphere,Very High,LAC,47.0,17.66885948
2016,Brazil,25.2085049719877,11.6177563683506,40.0265544190782,0.546665083853536,KG_CAP,Latin America and Caribbean,6.952,1.08754,1.03938,0.61415,0.40425,0.15776,0.14166,BRA,America,Southern Hemisphere,High,LAC,87.0,15.45316982
2016,Chile,18.8788452365996,18.2624025140041,35.8905933498615,0.419325044243088,KG_CAP,Latin America and Caribbean,6.705,1.2167,0.90587,0.81883,0.37789,0.31595,0.11451,CHL,America,Southern Hemisphere,Very High,LAC,42.0,16.41803932
2016,China,3.41957418272996,31.2022143382846,11.5955909933202,3.01772352197607,KG_CAP,East Asia,5.245,1.0278,0.79381,0.73561,0.44012,0.04959,0.02745,CHN,Asia,Northern Hemisphere,High,EAP,79.0,13.68710003
2016,Colombia,11.3511467115339,6.65973962080323,28.2997362585733,0.140882353519643,KG_CAP,Latin America and Caribbean,6.481,1.03032,1.02169,0.59659,0.44735,0.15626,0.05399,COL,America,Northern Hemisphere,High,LAC,88.0,14.41985989
2016,Ethiopia,2.65753198848089,0.0156002756652196,0.112884834137656,0.389998841031,KG_CAP,Sub-Saharan Africa,4.508,0.29283,0.37932,0.34578,0.36703,0.29522,0.1717,ETH,Africa,Northern Hemisphere,Low,SSA,175.0,9.096271752
2016,India,0.468497427674935,0.186444830611079,2.27816339850648,0.480063041246502,KG_CAP,South Asia,4.404,0.74036,0.29247,0.45091,0.40285,0.25028,0.08722,IND,Asia,Northern Hemisphere,Medium,SA,132.0,12.34372044
2016,Indonesia,1.90128978218836,1.03392754615954,7.90702485185403,0.390436382326597,KG_CAP,Southeast Asia,5.314,0.95104,0.87625,0.49374,0.39237,0.56521,0.00322,IDN,Asia,Southern Hemisphere,High,EAP,114.0,13.35651016
2016,Israel,19.9779415858053,1.53271503059213,68.102069625408,1.54047266403602,KG_CAP,Middle East and North Africa,7.267,1.33766,0.99537,0.84917,0.36432,0.32288,0.08728,ISR,Asia,Northern Hemisphere,Very High,,22.0,16.08654022
2016,Kazakhstan,19.4001883203085,5.24908041273725,14.6914455992749,8.26991448014549,KG_CAP,Commonwealth of Independent States,5.919,1.22943,0.95544,0.57386,0.4052,0.15011,0.11132,KAZ,Asia,Northern Hemisphere,Very High,ECA,56.0,15.14945984
2016,Malaysia,5.41121417824407,5.49306902151382,50.1817248160682,1.0632342118052,KG_CAP,Southeast Asia,6.005,1.25142,0.88025,0.62366,0.39031,0.41474,0.09081,MYS,Asia,Northern Hemisphere,Very High,EAP,62.0,13.8724699
2016,Nigeria,1.40005205213147,1.15650298707728,0.989620344288748,1.83236193090223,KG_CAP,Sub-Saharan Africa,4.875,0.75216,0.64498,0.05108,0.27854,0.23219,0.0305,NGA,Africa,Northern Hemisphere,Low,SSA,163.0,9.579133632
2016,Pakistan,6.3564116039381,7.670669787e-07,5.46911188326233,2.09040025672821,KG_CAP,South Asia,5.132,0.68816,0.26135,0.40306,0.14622,0.31185,0.1388,PAK,Asia,Northern Hemisphere,Low,SA,161.0,7.989449978
2016,Paraguay,11.6917129197874,21.9002487284396,5.53688984422255,0.513857207147588,KG_CAP,Latin America and Caribbean,5.538,0.89373,1.11111,0.58295,0.46235,0.25296,0.07396,PRY,America,Southern Hemisphere,High,LAC,105.0,12.76987498
2016,Peru,4.37461669267651,3.91411295587849,40.2963338462765,1.10190545286616,KG_CAP,Latin America and Caribbean,5.743,0.99602,0.81255,0.62994,0.37502,0.14527,0.05292,PER,America,Southern Hemisphere,High,LAC,84.0,14.86186981
2016,Philippines,3.07916093246172,14.855306838199,12.5381012643641,0.500650957462117,KG_CAP,Southeast Asia,5.279,0.81217,0.87877,0.47036,0.54854,0.21674,0.11757,PHL,Asia,Northern Hemisphere,Medium,EAP,116.0,12.84617043
2016,Saudi Arabia,4.13402409036843,0.16875918101332,41.541987635333,4.71600798625029,KG_CAP,Middle East and North Africa,6.379,1.48953,0.84829,0.59267,0.37904,0.15457,0.30008,SAU,Asia,Northern Hemisphere,Very High,AS,35.0,16.13574982
2016,South Africa,13.0072823102518,3.45365337154682,33.9995905517456,2.95700584300753,KG_CAP,Sub-Saharan Africa,4.459,1.02416,0.96053,0.18611,0.42483,0.13656,0.08415,ZAF,Africa,Southern Hemisphere,High,SSA,109.0,14.01766014
2016,Thailand,1.18013100765866,10.1483178892125,8.88246168700998,0.0473471055475128,KG_CAP,Southeast Asia,6.474,1.0893,1.04477,0.64915,0.49553,0.58696,0.02833,THA,Asia,Northern Hemisphere,Very High,EAP,66.0,15.42483997
2016,Ukraine,5.3373203034241,13.1440398742542,20.4914505089885,0.265416130507596,KG_CAP,Central and Eastern Europe,4.324,0.87287,1.01413,0.58628,0.12859,0.20363,0.01829,UKR,Europe,Northern Hemisphere,High,ECA,77.0,14.90092826
2016,Norway,25.044331134889998,0.3586829522488391,2.3995363761288866,9.1576515625,THND_TONNE,Western Europe,7.498,1.57744,1.1269,0.79579,0.59609,0.37895,0.35776,NOR,Europe,Northern Hemisphere,Very High,,2.0,17.96912956
2016,Ethiopia,0.10382047665981807,41.23828800851516,3.0726320211166684,33.566314876163325,THND_TONNE,Sub-Saharan Africa,4.508,0.29283,0.37932,0.34578,0.36703,0.29522,0.1717,ETH,Africa,Northern Hemisphere,Low,SSA,175.0,9.096271752
2016,Thailand,12.47833009962817,18.115480940371015,0.051602147116691754,19.30669165643868,THND_TONNE,Southeast Asia,6.474,1.0893,1.04477,0.64915,0.49553,0.58696,0.02833,THA,Asia,Northern Hemisphere,Very High,EAP,66.0,15.42483997
2016,Ethiopia,0.016187051981408403,25.051139151869254,28.22155704523688,4.924007899330006,THND_TONNE,Sub-Saharan Africa,4.508,0.29283,0.37932,0.34578,0.36703,0.29522,0.1717,ETH,Africa,Northern Hemisphere,Low,SSA,175.0,9.096271752
2016,Thailand,9.680720488214606,35.82266321703922,1.4697694096275995,10.344004686592386,THND_TONNE,Southeast Asia,6.474,1.0893,1.04477,0.64915,0.49553,0.58696,0.02833,THA,Asia,Northern Hemisphere,Very High,EAP,66.0,15.42483997
2016,Israel,1.6498508842201054,1.4825023978603957,6.082865264080968,34.869619937192105,THND_TONNE,Middle East and North Africa,7.267,1.33766,0.99537,0.84917,0.36432,0.32288,0.08728,ISR,Asia,Northern Hemisphere,Very High,,22.0,16.08654022
2016,Nigeria,1.6621332103377067,37.1231651888878,15.5006291902591,0.9345566393851132,THND_TONNE,Sub-Saharan Africa,4.875,0.75216,0.64498,0.05108,0.27854,0.23219,0.0305,NGA,Africa,Northern Hemisphere,Low,SSA,163.0,9.579133632
2016,Nigeria,1.7304070375715281,1.232173432981119,64.97638095408162,37.7441185414792,THND_TONNE,Sub-Saharan Africa,4.875,0.75216,0.64498,0.05108,0.27854,0.23219,0.0305,NGA,Africa,Northern Hemisphere,Low,SSA,163.0,9.579133632
2016,New Zealand,15.96781968768197,13.174802296447414,8.49450194274654,5.593401936066627,THND_TONNE,North America and ANZ,7.334,1.36066,1.17278,0.83096,0.58147,0.49401,0.41904,NZL,Oceania,Southern Hemisphere,Very High,,13.0,18.12450027
2016,Kazakhstan,15.090423665735486,25.639267023314886,42.35370905634311,18.770984859263997,THND_TONNE,Commonwealth of Independent States,5.919,1.22943,0.95544,0.57386,0.4052,0.15011,0.11132,KAZ,Asia,Northern Hemisphere,Very High,ECA,56.0,15.14945984
2016,Japan,20.228116021890564,0.5960384684282332,11.216086504596953,14.291022022734186,THND_TONNE,East Asia,5.921,1.38007,1.06054,0.91491,0.46761,0.10224,0.18985,JPN,Asia,Northern Hemisphere,Very High,,19.0,15.22962
2016,United States,0.4950165564985755,12.35971688042402,28.29513797506495,2.5554445569247193,THND_TONNE,North America and ANZ,7.104,1.50796,1.04782,0.779,0.48163,0.41077,0.14868,USA,America,Northern Hemisphere,Very High,,21.0,16.27448082
2016,Argentina,41.24997071563026,5.780302288274212,52.32069493883141,53.068958498624255,THND_TONNE,Latin America and Caribbean,6.65,1.15137,1.06612,0.69711,0.42284,0.10989,0.07296,ARG,America,Southern Hemisphere,Very High,LAC,47.0,17.66885948
2016,Colombia,7.975573710005716,1.072388368198199,23.962414657503764,2.2267538776492506e-06,THND_TONNE,Latin America and Caribbean,6.481,1.03032,1.02169,0.59659,0.44735,0.15626,0.05399,COL,America,Northern Hemisphere,High,LAC,88.0,14.41985989
2016,Brazil,43.64164988228624,4.641382251114999,1.1581644905049786,7.027032074833705,THND_TONNE,Latin America and Caribbean,6.952,1.08754,1.03938,0.61415,0.40425,0.15776,0.14166,BRA,America,Southern Hemisphere,High,LAC,87.0,15.45316982
2016,Brazil,34.55291376754886,4.769367939075206,6.7423846958984575,11.565966673240512,THND_TONNE,Latin America and Caribbean,6.952,1.08754,1.03938,0.61415,0.40425,0.15776,0.14166,BRA,America,Southern Hemisphere,High,LAC,87.0,15.45316982
2016,Colombia,15.14750076207215,1.247129901372149,1.1579404876216366,30.039935932732902,THND_TONNE,Latin America and Caribbean,6.481,1.03032,1.02169,0.59659,0.44735,0.15626,0.05399,COL,America,Northern Hemisphere,High,LAC,88.0,14.41985989
2016,Colombia,0.14954545283087653,9.391875016599869,6.40170570861557,18.870373199461415,THND_TONNE,Latin America and Caribbean,6.481,1.03032,1.02169,0.59659,0.44735,0.15626,0.05399,COL,America,Northern Hemisphere,High,LAC,88.0,14.41985989
2016,Pakistan,4.992980547325154,1.6169224523433627,0.160999359403018,5.159064891198114,THND_TONNE,South Asia,5.132,0.68816,0.26135,0.40306,0.14622,0.31185,0.1388,PAK,Asia,Northern Hemisphere,Low,SA,161.0,7.989449978
2016,Canada,34.21995275760734,24.60683606605273,3.873319502693643,24.95092749813954,THND_TONNE,North America and ANZ,7.404,1.44015,1.0961,0.8276,0.5737,0.44834,0.31329,CAN,America,Northern Hemisphere,Very High,,15.0,16.00966072
2016,China,39.7983986719459,37.21142964902573,12.545791788091156,0.36224594264674864,THND_TONNE,East Asia,5.245,1.0278,0.79381,0.73561,0.44012,0.04959,0.02745,CHN,Asia,Northern Hemisphere,High,EAP,79.0,13.68710003
2016,Ukraine,27.96719548141892,8.453695884082139,0.6203464636080536,4.055162775778427,THND_TONNE,Central and Eastern Europe,4.324,0.87287,1.01413,0.58628,0.12859,0.20363,0.01829,UKR,Europe,Northern Hemisphere,High,ECA,77.0,14.90092826
2016,Paraguay,6.167012232472889,28.146098638482542,7.295242117833737,0.4347569356633797,THND_TONNE,Latin America and Caribbean,5.538,0.89373,1.11111,0.58295,0.46235,0.25296,0.07396,PRY,America,Southern Hemisphere,High,LAC,105.0,12.76987498
2016,South Africa,4.105357667127831,1.9084136585155402,18.943652113994393,0.5009580428800866,THND_TONNE,Sub-Saharan Africa,4.459,1.02416,0.96053,0.18611,0.42483,0.13656,0.08415,ZAF,Africa,Southern Hemisphere,High,SSA,109.0,14.01766014
2016,Canada,0.956913778801764,16.77011337307148,18.852233792341273,16.37086781017905,THND_TONNE,North America and ANZ,7.404,1.44015,1.0961,0.8276,0.5737,0.44834,0.31329,CAN,America,Northern Hemisphere,Very High,,15.0,16.00966072
2016,Pakistan,7.900679106788979e-07,1.3932089842304032,46.0877309961085,13.109465987400599,THND_TONNE,South Asia,5.132,0.68816,0.26135,0.40306,0.14622,0.31185,0.1388,PAK,Asia,Northern Hemisphere,Low,SA,161.0,7.989449978
2016,Mexico,0.5737167941131847,21.361989519374017,0.5723364147347397,23.34104322682755,THND_TONNE,Latin America and Caribbean,6.778,1.11508,0.7146,0.71143,0.37709,0.11735,0.18355,MEX,America,Northern Hemisphere,High,LAC,86.0,14.6375103
2016,Paraguay,27.51984878719188,4.86013994331738,0.41743013334482526,17.228813964549236,THND_TONNE,Latin America and Caribbean,5.538,0.89373,1.11111,0.58295,0.46235,0.25296,0.07396,PRY,America,Southern Hemisphere,High,LAC,105.0,12.76987498
2016,India,0.2215546574161304,3.4117056986154135,20.23919123205238,15.309853848204694,THND_TONNE,South Asia,4.404,0.74036,0.29247,0.45091,0.40285,0.25028,0.08722,IND,Asia,Northern Hemisphere,Medium,SA,132.0,12.34372044
2016,Mexico,15.80453099229666,0.18900305925335154,38.52880242212276,1.0983013625872695,THND_TONNE,Latin America and Caribbean,6.778,1.11508,0.7146,0.71143,0.37709,0.11735,0.18355,MEX,America,Northern Hemisphere,High,LAC,86.0,14.6375103
2016,Norway,14.1959873588662,20.5193568066187,16.7452734482571,4.55156884915529,KG_CAP,Western Europe,7.498,1.57744,1.1269,0.79579,0.59609,0.37895,0.35776,NOR,Europe,Northern Hemisphere,Very High,,2.0,17.96912956
2016,Switzerland,13.9137870148073,23.1248875638506,14.1912463377466,1.29141480325065,KG_CAP,Western Europe,7.509,1.52733,1.14524,0.86303,0.58557,0.28083,0.41203,CHE,Europe,Northern Hemisphere,Very High,,1.0,16.24938011
2016,United Kingdom,16.15635398244067,21.2151198683248,30.385102106803217,4.7420579575713235,THND_TONNE,Western Europe,6.725,1.40283,1.08672,0.80991,0.50036,0.50156,0.27399,GBR,Europe,Northern Hemisphere,Very High,,18.0,17.41354465
2016,United Kingdom,11.7497721760905,17.1920687251862,27.7799473434399,4.33548387949555,KG_CAP,Western Europe,6.725,1.40283,1.08672,0.80991,0.50036,0.50156,0.27399,GBR,Europe,Northern Hemisphere,Very High,,18.0,17.41354465
2017,Australia,18.7150603640546,22.0096243190494,43.5651252075566,7.77405835391671,KG_CAP,North America and ANZ,7.28399992,1.484414935,1.510041952,0.843886793,0.601607382,0.47769925,0.30118373,AUS,Oceania,Southern Hemisphere,Very High,,5.0,21.95433044
2017,Canada,18.0733324180365,16.005627081736,33.5540689461262,0.968804478153911,KG_CAP,North America and ANZ,7.315999985,1.479204416,1.481348991,0.834557652,0.611100912,0.435539722,0.287371516,CAN,America,Northern Hemisphere,Very High,,15.0,16.15789032
2017,Japan,7.26441593464928,15.8335458010761,17.0029841914053,0.153187682914848,KG_CAP,East Asia,5.920000076,1.416915178,1.436337829,0.913475871,0.505625546,0.120572768,0.163760737,JPN,Asia,Northern Hemisphere,Very High,,19.0,15.21569
2017,Mexico,8.86630743252477,12.9343510008216,28.4697312818235,0.511742039555835,KG_CAP,Latin America and Caribbean,6.578000069,1.153183818,1.21086216,0.709978998,0.412730008,0.120990433,0.132774115,MEX,America,Northern Hemisphere,High,LAC,86.0,14.80978012
2017,New Zealand,12.0722127016662,18.5594196414745,38.4207141450689,5.2887628653242,KG_CAP,North America and ANZ,7.31400013,1.405706048,1.548195124,0.816759706,0.61406213,0.500005126,0.382816702,NZL,Oceania,Southern Hemisphere,Very High,,13.0,18.83856964
2017,United States,25.9886969258198,22.9373338418654,48.9953851456684,0.486936901920456,KG_CAP,North America and ANZ,6.993000031,1.546259284,1.419920564,0.774286628,0.505740523,0.392578781,0.135638788,USA,America,Northern Hemisphere,Very High,,21.0,16.31038094
2017,Argentina,39.6399097550022,10.3149521589068,38.0535840089706,0.961155247271808,KG_CAP,Latin America and Caribbean,6.598999977,1.185295463,1.440451145,0.695137084,0.494519204,0.109457061,0.059739888,ARG,America,Southern Hemisphere,Very High,LAC,47.0,17.6541996
2017,Brazil,25.1970333923814,12.0645951175536,40.621665595624,0.551357856199734,KG_CAP,Latin America and Caribbean,6.635000229,1.10735321,1.431306005,0.616552353,0.437453747,0.162349895,0.111092761,BRA,America,Southern Hemisphere,High,LAC,87.0,15.48515987
2017,Chile,17.5939390981954,19.4092706621146,35.9668391085264,0.429410456171936,KG_CAP,Latin America and Caribbean,6.65199995,1.25278461,1.284024954,0.819479704,0.376895279,0.326662421,0.082287982,CHL,America,Southern Hemisphere,Very High,LAC,42.0,16.44754982
2017,China,3.56273656271114,30.9214088244497,11.4065416699849,3.07389619691583,KG_CAP,East Asia,5.272999763,1.081165791,1.160837412,0.741415501,0.472787708,0.028806841,0.022794275,CHN,Asia,Northern Hemisphere,High,EAP,79.0,13.89733
2017,Colombia,10.5044213243395,7.20349326006145,29.5088390910227,0.140900469609432,KG_CAP,Latin America and Caribbean,6.356999874,1.070622325,1.402182937,0.595027924,0.477487415,0.149014473,0.046668742,COL,America,Northern Hemisphere,High,LAC,88.0,14.40923977
2017,Ethiopia,2.61950915868836,0.0152206276556088,0.114874825795503,0.469021423960583,KG_CAP,Sub-Saharan Africa,4.460000038,0.339233845,0.864669204,0.353409708,0.408842742,0.31265074,0.165455714,ETH,Africa,Northern Hemisphere,Low,SSA,175.0,9.277567601
2017,India,0.426524415779732,0.178431196263326,2.32691241114783,0.4674787764209,KG_CAP,South Asia,4.315000057,0.792221248,0.754372597,0.455427617,0.469987005,0.231538489,0.092226885,IND,Asia,Northern Hemisphere,Medium,SA,132.0,12.16333008
2017,Indonesia,1.89026363576598,1.01938135523249,7.68344796965431,0.424614221949014,KG_CAP,Southeast Asia,5.262000084,0.995538592,1.274444699,0.492345721,0.443323463,0.611704588,0.015317135,IDN,Asia,Southern Hemisphere,High,EAP,114.0,13.53096962
2017,Israel,21.1611710128211,1.38677889222116,65.7797559608359,1.58053909948825,KG_CAP,Middle East and North Africa,7.212999821,1.375382423,1.376289964,0.838404,0.405988604,0.330082655,0.0852421,ISR,Asia,Northern Hemisphere,Very High,,22.0,16.16283035
2017,Kazakhstan,20.3790826147985,5.28332737633899,16.4276714219947,8.27875919670436,KG_CAP,Commonwealth of Independent States,5.818999767,1.28455627,1.384369016,0.606041551,0.437454283,0.201964423,0.119282886,KAZ,Asia,Northern Hemisphere,Very High,ECA,56.0,15.29436016
2017,Malaysia,5.21463146575856,5.3836691663646,48.5218696146766,1.20044810708599,KG_CAP,Southeast Asia,6.084000111,1.29121542,1.284646034,0.618784428,0.402264982,0.41660893,0.065600708,MYS,Asia,Northern Hemisphere,Very High,EAP,62.0,13.67864037
2017,Nigeria,1.37591257103275,1.14230219624038,0.928939559420757,1.83185019881353,KG_CAP,Sub-Saharan Africa,5.073999882,0.783756256,1.215770483,0.05691573,0.394952565,0.230947196,0.026121566,NGA,Africa,Northern Hemisphere,Low,SSA,163.0,9.758482316
2017,Pakistan,6.45369448775998,7.52223354e-07,5.83309263320284,2.06626969498663,KG_CAP,South Asia,5.269000053,0.726883531,0.67269069,0.402047783,0.235215262,0.315446019,0.124348067,PAK,Asia,Northern Hemisphere,Low,SA,161.0,7.931729794
2017,Paraguay,14.2502638338652,21.8312724071252,5.35613838510471,0.514734276865015,KG_CAP,Latin America and Caribbean,5.493000031,0.932537317,1.50728488,0.579250693,0.473507792,0.224150658,0.091065913,PRY,America,Southern Hemisphere,High,LAC,105.0,12.70668574
2017,Peru,4.23567263528186,4.10293704254209,41.7013615171736,1.06698485379381,KG_CAP,Latin America and Caribbean,5.715000153,1.035225272,1.218770385,0.630166113,0.450002879,0.126819715,0.047049087,PER,America,Southern Hemisphere,High,LAC,84.0,14.99071026
2017,Philippines,3.12267009641301,14.6475922640473,12.6853162477337,0.512023878266536,KG_CAP,Southeast Asia,5.429999828,0.857699215,1.253917575,0.468009055,0.585214674,0.193513423,0.099331893,PHL,Asia,Northern Hemisphere,Medium,EAP,116.0,13.14836025
2017,Saudi Arabia,4.16709821369805,0.495236859699098,34.566184999543,4.45253990313065,KG_CAP,Middle East and North Africa,6.343999863,1.530623555,1.286677599,0.59014833,0.449750572,0.147616014,0.273432255,SAU,Asia,Northern Hemisphere,Very High,AS,35.0,15.63002014
2017,South Africa,11.9362405582746,3.38764303663802,33.4038833548492,2.67949706097114,KG_CAP,Sub-Saharan Africa,4.828999996,1.054698706,1.384788632,0.18708007,0.479246736,0.13936238,0.072509497,ZAF,Africa,Southern Hemisphere,High,SSA,109.0,13.79119968
2017,Thailand,1.30627188334083,9.97192134838486,7.90498990913228,0.0431488295116018,KG_CAP,Southeast Asia,6.423999786,1.127868772,1.425792456,0.647239029,0.580200732,0.57212311,0.031612735,THA,Asia,Northern Hemisphere,Very High,EAP,66.0,15.57729969
2017,Ukraine,5.01530527392984,13.0104072363629,21.0617429077841,0.26870051608509,KG_CAP,Central and Eastern Europe,4.096000195,0.894651949,1.394537568,0.575903952,0.122974776,0.270061463,0.023029471,UKR,Europe,Northern Hemisphere,High,ECA,77.0,14.91945198
2017,Norway,24.674739553637096,0.4421196432344907,2.4786619723585037,8.563381114073055,THND_TONNE,Western Europe,7.537000179,1.616463184,1.53352356,0.796666503,0.635422587,0.362012237,0.315963835,NOR,Europe,Northern Hemisphere,Very High,,2.0,18.06615067
2017,Ethiopia,0.10828592128789447,35.01784058772337,3.104214215449375,35.51506493291588,THND_TONNE,Sub-Saharan Africa,4.460000038,0.339233845,0.864669204,0.353409708,0.408842742,0.31265074,0.165455714,ETH,Africa,Northern Hemisphere,Low,SSA,175.0,9.277567601
2017,Thailand,12.292415055018992,18.635809100337273,0.04714539960302462,19.06355795067898,THND_TONNE,Southeast Asia,6.423999786,1.127868772,1.425792456,0.647239029,0.580200732,0.57212311,0.031612735,THA,Asia,Northern Hemisphere,Very High,EAP,66.0,15.57729969
2017,Ethiopia,0.016187051981408403,26.63228068331849,29.466740214388874,4.979188689189006,THND_TONNE,Sub-Saharan Africa,4.460000038,0.339233845,0.864669204,0.353409708,0.408842742,0.31265074,0.165455714,ETH,Africa,Northern Hemisphere,Low,SSA,175.0,9.277567601
2017,Thailand,8.637173066854853,35.635887915071216,1.5318805687894268,9.435993779533073,THND_TONNE,Southeast Asia,6.423999786,1.127868772,1.425792456,0.647239029,0.580200732,0.57212311,0.031612735,THA,Asia,Northern Hemisphere,Very High,EAP,66.0,15.57729969
2017,Israel,1.5164041198657232,1.5895431314094108,6.196332137479029,35.967681745457156,THND_TONNE,Middle East and North Africa,7.212999821,1.375382423,1.376289964,0.838404,0.405988604,0.330082655,0.0852421,ISR,Asia,Northern Hemisphere,Very High,,22.0,16.16283035
2017,Nigeria,1.6764805386591193,37.70937562747227,15.026915144000608,0.9003482059360013,THND_TONNE,Sub-Saharan Africa,5.073999882,0.783756256,1.215770483,0.05691573,0.394952565,0.230947196,0.026121566,NGA,Africa,Northern Hemisphere,Low,SSA,163.0,9.758482316
2017,Nigeria,1.7754686226019845,1.2490853847611474,63.75465814717384,39.33594125500182,THND_TONNE,Sub-Saharan Africa,5.073999882,0.783756256,1.215770483,0.05691573,0.394952565,0.230947196,0.026121566,NGA,Africa,Northern Hemisphere,Low,SSA,163.0,9.758482316
2017,New Zealand,15.5380181532394,14.591345400204634,8.606059567560226,5.414747487423485,THND_TONNE,North America and ANZ,7.31400013,1.405706048,1.548195124,0.816759706,0.61406213,0.500005126,0.382816702,NZL,Oceania,Southern Hemisphere,Very High,,13.0,18.83856964
2017,Kazakhstan,17.07713866955726,25.7497890553227,44.37072666308626,20.89138249689063,THND_TONNE,Commonwealth of Independent States,5.818999767,1.28455627,1.384369016,0.606041551,0.437454283,0.201964423,0.119282886,KAZ,Asia,Northern Hemisphere,Very High,ECA,56.0,15.29436016
2017,Japan,20.78324545351967,0.6058896008212475,11.954469571691916,14.957559965845688,THND_TONNE,East Asia,5.920000076,1.416915178,1.436337829,0.913475871,0.505625546,0.120572768,0.163760737,JPN,Asia,Northern Hemisphere,Very High,,19.0,15.21569
2017,United States,0.5360632047895302,11.483487633550302,28.488810418475655,2.5686071768777174,THND_TONNE,North America and ANZ,6.993000031,1.546259284,1.419920564,0.774286628,0.505740523,0.392578781,0.135638788,USA,America,Northern Hemisphere,Very High,,21.0,16.31038094
2017,Argentina,41.03347852520635,5.665696753884053,53.73534701769157,53.93845296484589,THND_TONNE,Latin America and Caribbean,6.598999977,1.185295463,1.440451145,0.695137084,0.494519204,0.109457061,0.059739888,ARG,America,Southern Hemisphere,Very High,LAC,47.0,17.6541996
2017,Colombia,8.699848978224837,1.0364212524376117,25.783625973950105,2.2267538776492506e-06,THND_TONNE,Latin America and Caribbean,6.356999874,1.070622325,1.402182937,0.595027924,0.477487415,0.149014473,0.046668742,COL,America,Northern Hemisphere,High,LAC,88.0,14.40923977
2017,Brazil,44.63932902320123,4.925260767437593,1.135284114928507,6.866634893006271,THND_TONNE,Latin America and Caribbean,6.635000229,1.10735321,1.431306005,0.616552353,0.437453747,0.162349895,0.111092761,BRA,America,Southern Hemisphere,High,LAC,87.0,15.48515987
2017,Brazil,34.809194615608405,4.705307706344643,7.074639180698868,12.54868033216288,THND_TONNE,Latin America and Caribbean,6.635000229,1.10735321,1.431306005,0.616552353,0.437453747,0.162349895,0.111092761,BRA,America,Southern Hemisphere,High,LAC,87.0,15.48515987
2017,Colombia,14.13634888050387,1.2431268172697878,1.1140781320266782,31.588762624383396,THND_TONNE,Latin America and Caribbean,6.356999874,1.070622325,1.402182937,0.595027924,0.477487415,0.149014473,0.046668742,COL,America,Northern Hemisphere,High,LAC,88.0,14.40923977
2017,Colombia,0.15083180583374983,10.625085882088861,6.3621241046207615,18.305391999775814,THND_TONNE,Latin America and Caribbean,6.356999874,1.070622325,1.402182937,0.595027924,0.477487415,0.149014473,0.046668742,COL,America,Northern Hemisphere,High,LAC,88.0,14.40923977
2017,Pakistan,5.43035740465159,1.7942729634710826,0.17822595962407278,5.307087888974363,THND_TONNE,South Asia,5.269000053,0.726883531,0.67269069,0.402047783,0.235215262,0.315446019,0.124348067,PAK,Asia,Northern Hemisphere,Low,SA,161.0,7.931729794
2017,Canada,34.826556274172766,23.117705724236828,3.9887986423872057,25.899797676629774,THND_TONNE,North America and ANZ,7.315999985,1.479204416,1.481348991,0.834557652,0.611100912,0.435539722,0.287371516,CAN,America,Northern Hemisphere,Very High,,15.0,16.15789032
2017,China,39.6093180918821,37.59233366923675,12.889399232601585,0.36494865565944323,THND_TONNE,East Asia,5.272999763,1.081165791,1.160837412,0.741415501,0.472787708,0.028806841,0.022794275,CHN,Asia,Northern Hemisphere,High,EAP,79.0,13.89733
2017,Ukraine,28.606029017102973,8.305137644930738,0.5711705368253246,4.1941405859956555,THND_TONNE,Central and Eastern Europe,4.096000195,0.894651949,1.394537568,0.575903952,0.122974776,0.270061463,0.023029471,UKR,Europe,Northern Hemisphere,High,ECA,77.0,14.91945198
2017,Paraguay,6.04196687680782,28.11347579597941,7.553053749993523,0.4488173425739764,THND_TONNE,Latin America and Caribbean,5.493000031,0.932537317,1.50728488,0.579250693,0.473507792,0.224150658,0.091065913,PRY,America,Southern Hemisphere,High,LAC,105.0,12.70668574
2017,South Africa,4.077334451459952,1.9236078772877008,19.782094201859753,0.5202613836908818,THND_TONNE,Sub-Saharan Africa,4.828999996,1.054698706,1.384788632,0.18708007,0.479246736,0.13936238,0.072509497,ZAF,Africa,Southern Hemisphere,High,SSA,109.0,13.79119968
2017,Canada,1.0055449230693954,16.791352877097175,18.742438887761736,20.208500435499165,THND_TONNE,North America and ANZ,7.315999985,1.479204416,1.481348991,0.834557652,0.611100912,0.435539722,0.287371516,CAN,America,Northern Hemisphere,Very High,,15.0,16.15789032
2017,Pakistan,7.900679106788979e-07,1.2781117695965312,45.43961456752291,12.951021216467735,THND_TONNE,South Asia,5.269000053,0.726883531,0.67269069,0.402047783,0.235215262,0.315446019,0.124348067,PAK,Asia,Northern Hemisphere,Low,SA,161.0,7.931729794
2017,Mexico,0.5847288804677885,22.887286200880304,0.58064359573399,23.58241124989211,THND_TONNE,Latin America and Caribbean,6.578000069,1.153183818,1.21086216,0.709978998,0.412730008,0.120990433,0.132774115,MEX,America,Northern Hemisphere,High,LAC,86.0,14.80978012
2017,Paraguay,27.783929545338324,5.085320933703433,0.45897096892040185,16.008211765860164,THND_TONNE,Latin America and Caribbean,5.493000031,0.932537317,1.50728488,0.579250693,0.473507792,0.224150658,0.091065913,PRY,America,Southern Hemisphere,High,LAC,105.0,12.70668574
2017,India,0.21443522331077738,3.4901108517608153,19.93619292124157,15.456059803062695,THND_TONNE,South Asia,4.315000057,0.792221248,0.754372597,0.455427617,0.469987005,0.231538489,0.092226885,IND,Asia,Northern Hemisphere,Medium,SA,132.0,12.16333008
2017,Mexico,16.673860386292173,0.5660293381351137,38.080652042694766,1.2574163240666394,THND_TONNE,Latin America and Caribbean,6.578000069,1.153183818,1.21086216,0.709978998,0.412730008,0.120990433,0.132774115,MEX,America,Northern Hemisphere,High,LAC,86.0,14.80978012
2017,Norway,13.8832898696011,20.0233884388023,17.0616613511076,4.55860170925824,KG_CAP,Western Europe,7.537000179,1.616463184,1.53352356,0.796666503,0.635422587,0.362012237,0.315963835,NOR,Europe,Northern Hemisphere,Very High,,2.0,18.06615067
2017,Switzerland,13.378945269617,22.8957012177317,14.2012399413431,1.17434664094003,KG_CAP,Western Europe,7.493999958,1.564979553,1.516911745,0.858131289,0.620070577,0.290549278,0.367007285,CHE,Europe,Northern Hemisphere,Very High,,1.0,16.32843971
2017,United Kingdom,16.262991468888224,20.775957351865397,29.59866539868325,4.451297305047549,THND_TONNE,Western Europe,6.714000225,1.44163394,1.49646008,0.805335939,0.508190036,0.492774159,0.265428066,GBR,Europe,Northern Hemisphere,Very High,,18.0,17.49843025
2017,United Kingdom,11.7570896319415,16.7362056121805,26.9002400954888,4.04548531595307,KG_CAP,Western Europe,6.714000225,1.44163394,1.49646008,0.805335939,0.508190036,0.492774159,0.265428066,GBR,Europe,Northern Hemisphere,Very High,,18.0,17.49843025
2018,Australia,18.9106714885412,21.9064436513338,44.1278736953786,7.28234657114472,KG_CAP,North America and ANZ,7.272,1.34,1.573,0.91,0.647,0.361,0.302,AUS,Oceania,Southern Hemisphere,Very High,,5.0,20.5092392
2018,Canada,17.9661537051835,16.0446999235398,33.788648531206,0.950541935923681,KG_CAP,North America and ANZ,7.328,1.33,1.532,0.896,0.653,0.321,0.291,CAN,America,Northern Hemisphere,Very High,,15.0,16.22464943
2018,Japan,7.43611511742565,16.1688310472783,16.9205122490068,0.162635423823578,KG_CAP,East Asia,5.915,1.294,1.462,0.988,0.553,0.079,0.15,JPN,Asia,Northern Hemisphere,Very High,,19.0,15.1905
2018,Mexico,8.85111892151298,13.451457127939,28.7570106836333,0.519864348436117,KG_CAP,Latin America and Caribbean,6.488,1.038,1.252,0.761,0.479,0.069,0.095,MEX,America,Northern Hemisphere,High,LAC,86.0,14.8653698
2018,New Zealand,11.8545279101498,18.9080158644762,39.4109364656461,4.71223404486152,KG_CAP,North America and ANZ,7.324,1.268,1.601,0.876,0.669,0.365,0.389,NZL,Oceania,Southern Hemisphere,Very High,,13.0,18.87854958
2018,United States,26.0908679404035,23.0493068582713,49.6828618653033,0.468909149706659,KG_CAP,North America and ANZ,6.886,1.398,1.471,0.819,0.547,0.291,0.133,USA,America,Northern Hemisphere,Very High,,21.0,16.28334999
2018,Argentina,39.9271744746074,10.8386430015317,38.1822211457423,0.962014683553722,KG_CAP,Latin America and Caribbean,6.388,1.073,1.468,0.744,0.57,0.062,0.054,ARG,America,Southern Hemisphere,Very High,LAC,47.0,17.65617943
2018,Brazil,24.4725008239042,12.3348396816142,39.8116836772647,0.557960982798268,KG_CAP,Latin America and Caribbean,6.419,0.986,1.474,0.675,0.493,0.11,0.088,BRA,America,Southern Hemisphere,High,LAC,87.0,15.70306015
2018,Chile,18.742340076512,18.9982764313638,36.5379845612914,0.417972258104324,KG_CAP,Latin America and Caribbean,6.476,1.131,1.331,0.808,0.431,0.197,0.061,CHL,America,Southern Hemisphere,Very High,LAC,42.0,16.58595085
2018,China,3.80350349023303,30.4377042293425,11.5549102257081,3.13999700143478,KG_CAP,East Asia,5.246,0.989,1.142,0.799,0.597,0.029,0.103,CHN,Asia,Northern Hemisphere,High,EAP,79.0,14.03231
2018,Colombia,10.7543428273755,7.96546668855203,30.6529826502637,0.142467874390081,KG_CAP,Latin America and Caribbean,6.26,0.96,1.439,0.635,0.531,0.099,0.039,COL,America,Northern Hemisphere,High,LAC,88.0,14.39857006
2018,Ethiopia,2.56862297730969,0.0148558126822883,0.114772875010489,0.476282363903174,KG_CAP,Sub-Saharan Africa,4.35,0.308,0.95,0.391,0.452,0.22,0.146,ETH,Africa,Northern Hemisphere,Low,SSA,175.0,9.462476818
2018,India,0.517044477609277,0.173330264345053,2.40490758099648,0.463540819319838,KG_CAP,South Asia,4.19,0.721,0.747,0.485,0.539,0.172,0.093,IND,Asia,Northern Hemisphere,Medium,SA,132.0,11.81347513
2018,Indonesia,1.98249635436634,1.02044545628306,7.56510548022657,0.43109958041135,KG_CAP,Southeast Asia,5.093,0.899,1.215,0.522,0.538,0.484,0.018,IDN,Asia,Southern Hemisphere,High,EAP,114.0,13.60698032
2018,Israel,20.4622062652522,1.38397473248942,64.8666914647893,1.58628890042399,KG_CAP,Middle East and North Africa,6.814,1.301,1.559,0.883,0.533,0.354,0.272,ISR,Asia,Northern Hemisphere,Very High,,22.0,16.1252594
2018,Kazakhstan,19.2649847391045,4.85702889749528,14.9946902649495,8.21757689092894,KG_CAP,Commonwealth of Independent States,5.79,1.143,1.516,0.631,0.454,0.148,0.121,KAZ,Asia,Northern Hemisphere,Very High,ECA,56.0,15.44011021
2018,Malaysia,5.22119979241409,5.3579287281072,48.7010008361708,1.12606367851297,KG_CAP,Southeast Asia,6.322,1.161,1.258,0.669,0.356,0.311,0.059,MYS,Asia,Northern Hemisphere,Very High,EAP,62.0,13.54508018
2018,Nigeria,1.34646107537463,1.12216377421872,0.889586735756938,1.77485106217965,KG_CAP,Sub-Saharan Africa,5.155,0.689,1.172,0.048,0.462,0.201,0.032,NGA,Africa,Northern Hemisphere,Low,SSA,163.0,9.937831
2018,Pakistan,6.40013638391254,7.379970492e-07,5.93564791764511,2.04472037186732,KG_CAP,South Asia,5.472,0.652,0.81,0.424,0.334,0.216,0.113,PAK,Asia,Northern Hemisphere,Low,SA,161.0,8.275939941
2018,Paraguay,13.6853579523716,21.6389942365479,5.28059361149429,0.501454848591328,KG_CAP,Latin America and Caribbean,5.681,0.835,1.522,0.615,0.541,0.162,0.074,PRY,America,Southern Hemisphere,High,LAC,105.0,12.75262838
2018,Peru,4.16359793234391,4.14529727694052,44.4668304993799,1.05442988795088,KG_CAP,Latin America and Caribbean,5.663,0.934,1.249,0.674,0.53,0.092,0.034,PER,America,Southern Hemisphere,High,LAC,84.0,15.18792464
2018,Philippines,3.12828460682823,14.9251652575687,13.0136856381815,0.510260383827171,KG_CAP,Southeast Asia,5.524,0.775,1.312,0.513,0.643,0.12,0.105,PHL,Asia,Northern Hemisphere,Medium,EAP,116.0,13.19219971
2018,Saudi Arabia,3.98458306906986,0.506762373877128,32.2352534028287,3.85580583834851,KG_CAP,Middle East and North Africa,6.371,1.379,1.331,0.633,0.509,0.098,0.127,SAU,Asia,Northern Hemisphere,Very High,AS,35.0,15.67512989
2018,South Africa,12.2466430622413,3.45010157332287,33.7474290538803,2.63119701853057,KG_CAP,Sub-Saharan Africa,4.724,0.94,1.41,0.33,0.516,0.103,0.056,ZAF,Africa,Southern Hemisphere,High,SSA,109.0,13.53530979
2018,Thailand,1.30351150657742,9.95582008760485,7.92637921782821,0.0430579852133683,KG_CAP,Southeast Asia,6.072,1.016,1.417,0.707,0.637,0.364,0.029,THA,Asia,Northern Hemisphere,Very High,EAP,66.0,15.72975941
2018,Ukraine,5.00236304559441,12.5002516589876,21.0627490680885,0.276004205920143,KG_CAP,Central and Eastern Europe,4.103,0.793,1.413,0.609,0.163,0.187,0.011,UKR,Europe,Northern Hemisphere,High,ECA,77.0,14.93799873
2018,Norway,25.143982929320163,0.459989351002252,2.5901920547334383,8.500002702702703,THND_TONNE,Western Europe,7.594,1.456,1.582,0.861,0.686,0.286,0.34,NOR,Europe,Northern Hemisphere,Very High,,2.0,18.12005043
2018,Ethiopia,0.11084664117328183,33.26731047378808,3.1186617409801745,35.739742388627505,THND_TONNE,Sub-Saharan Africa,4.35,0.308,0.95,0.391,0.452,0.22,0.146,ETH,Africa,Northern Hemisphere,Low,SSA,175.0,9.462476818
2018,Thailand,12.298459808011401,18.94180986778502,0.04714539960302462,18.919888008256404,THND_TONNE,Southeast Asia,6.072,1.016,1.417,0.707,0.637,0.364,0.029,THA,Asia,Northern Hemisphere,Very High,EAP,66.0,15.72975941
2018,Ethiopia,0.016187051981408403,25.45203994919241,30.465408558852186,4.938021376728959,THND_TONNE,Sub-Saharan Africa,4.35,0.308,0.95,0.391,0.452,0.22,0.146,ETH,Africa,Northern Hemisphere,Low,SSA,175.0,9.462476818
2018,Thailand,8.678815643087724,36.43483635296265,1.5617062645893387,9.893840578579917,THND_TONNE,Southeast Asia,6.072,1.016,1.417,0.707,0.637,0.364,0.029,THA,Asia,Northern Hemisphere,Very High,EAP,66.0,15.72975941
2018,Israel,1.5372103421196204,1.5649951277188228,5.7587476972753056,36.36586145428767,THND_TONNE,Middle East and North Africa,6.814,1.301,1.559,0.883,0.533,0.354,0.272,ISR,Asia,Northern Hemisphere,Very High,,22.0,16.1252594
2018,Nigeria,1.6834732555989815,37.15809253597555,14.885982430200617,0.8847408604373612,THND_TONNE,Sub-Saharan Africa,5.155,0.689,1.172,0.048,0.462,0.201,0.032,NGA,Africa,Northern Hemisphere,Low,SSA,163.0,9.937831
2018,Nigeria,1.7651828571441677,1.2591344325283982,63.86145575164051,40.72514081139553,THND_TONNE,Sub-Saharan Africa,5.155,0.689,1.172,0.048,0.462,0.201,0.032,NGA,Africa,Northern Hemisphere,Low,SSA,163.0,9.937831
2018,New Zealand,15.39978777053359,12.925082754425674,8.636008700273571,4.869369069180046,THND_TONNE,North America and ANZ,7.324,1.268,1.601,0.876,0.669,0.365,0.389,NZL,Oceania,Southern Hemisphere,Very High,,13.0,18.87854958
2018,Kazakhstan,15.758206744491217,25.205854916071022,47.88148235920015,21.017555868906427,THND_TONNE,Commonwealth of Independent States,5.79,1.143,1.516,0.631,0.454,0.148,0.121,KAZ,Asia,Northern Hemisphere,Very High,ECA,56.0,15.44011021
2018,Japan,21.17354715212785,0.6177737370353442,11.28147926609043,15.408032635394944,THND_TONNE,East Asia,5.915,1.294,1.462,0.988,0.553,0.079,0.15,JPN,Asia,Northern Hemisphere,Very High,,19.0,15.1905
2018,United States,0.5198875630407599,11.691208598126597,28.83146166451002,2.7225483848286522,THND_TONNE,North America and ANZ,6.886,1.398,1.471,0.819,0.547,0.291,0.133,USA,America,Northern Hemisphere,Very High,,21.0,16.28334999
2018,Argentina,41.56076549053136,5.6361796635608385,54.63558015878441,55.0842353922966,THND_TONNE,Latin America and Caribbean,6.388,1.073,1.468,0.744,0.57,0.062,0.054,ARG,America,Southern Hemisphere,Very High,LAC,47.0,17.65617943
2018,Colombia,9.698348571102583,1.0471383136410977,25.32527426465598,2.2267538776492506e-06,THND_TONNE,Latin America and Caribbean,6.26,0.96,1.439,0.635,0.531,0.099,0.039,COL,America,Northern Hemisphere,High,LAC,88.0,14.39857006
2018,Brazil,44.07944885254647,5.0358775658624575,1.1354006011208138,6.96620154903191,THND_TONNE,Latin America and Caribbean,6.419,0.986,1.474,0.675,0.493,0.11,0.088,BRA,America,Southern Hemisphere,High,LAC,87.0,15.70306015
2018,Brazil,34.063447097349595,4.699447827761327,7.101103811054086,13.310222970222537,THND_TONNE,Latin America and Caribbean,6.419,0.986,1.474,0.675,0.493,0.11,0.088,BRA,America,Southern Hemisphere,High,LAC,87.0,15.70306015
2018,Colombia,14.590393433387085,1.2576402925502832,1.1002647342292835,33.08043664177103,THND_TONNE,Latin America and Caribbean,6.26,0.96,1.439,0.635,0.531,0.099,0.039,COL,America,Northern Hemisphere,High,LAC,88.0,14.39857006
2018,Colombia,0.15375011123781593,10.85069770646279,6.415434761659092,18.305391999775814,THND_TONNE,Latin America and Caribbean,6.26,0.96,1.439,0.635,0.531,0.099,0.039,COL,America,Northern Hemisphere,High,LAC,88.0,14.39857006
2018,Pakistan,5.6323529280902065,1.7942589375360012,0.1887739545270235,5.169566426525546,THND_TONNE,South Asia,5.472,0.652,0.81,0.424,0.334,0.216,0.113,PAK,Asia,Northern Hemisphere,Low,SA,161.0,8.275939941
2018,Canada,35.33511105661411,24.8210030460949,4.0566795396331035,26.117535525196764,THND_TONNE,North America and ANZ,7.328,1.33,1.532,0.896,0.653,0.321,0.291,CAN,America,Northern Hemisphere,Very High,,15.0,16.22464943
2018,China,39.14263705673533,38.49066991405735,13.423943742739567,0.37305676892254863,THND_TONNE,East Asia,5.246,0.989,1.142,0.799,0.597,0.029,0.103,CHN,Asia,Northern Hemisphere,High,EAP,79.0,14.03231
2018,Ukraine,28.46913540962838,8.2640619665183,0.7000774864450527,4.4078155255173135,THND_TONNE,Central and Eastern Europe,4.103,0.793,1.413,0.609,0.163,0.187,0.011,UKR,Europe,Northern Hemisphere,High,ECA,77.0,14.93799873
2018,Paraguay,6.031619445900663,27.910082564092598,7.634763505899508,0.4403097875565496,THND_TONNE,Latin America and Caribbean,5.681,0.835,1.522,0.615,0.541,0.162,0.074,PRY,America,Southern Hemisphere,High,LAC,105.0,12.75262838
2018,South Africa,4.202387353657843,1.9402408858141387,19.639952568592232,0.5263464077038996,THND_TONNE,Sub-Saharan Africa,4.724,0.94,1.41,0.33,0.516,0.103,0.056,ZAF,Africa,Southern Hemisphere,High,SSA,109.0,13.53530979
2018,Canada,0.9954677145974883,17.369488514693032,18.957259984909257,19.651331421085757,THND_TONNE,North America and ANZ,7.328,1.33,1.532,0.896,0.653,0.321,0.291,CAN,America,Northern Hemisphere,Very High,,15.0,16.22464943
2018,Pakistan,7.900679106788979e-07,1.2655590172581417,46.63212938427603,13.17093767040398,THND_TONNE,South Asia,5.472,0.652,0.81,0.424,0.334,0.216,0.113,PAK,Asia,Northern Hemisphere,Low,SA,161.0,8.275939941
2018,Mexico,0.6013485511219611,22.579439337301185,0.5727736384449286,23.653512437665583,THND_TONNE,Latin America and Caribbean,6.488,1.038,1.252,0.761,0.479,0.069,0.095,MEX,America,Northern Hemisphere,High,LAC,86.0,14.8653698
2018,Paraguay,27.885364612170125,5.450276938550737,0.4709298046896158,16.62179120233282,THND_TONNE,Latin America and Caribbean,5.681,0.835,1.522,0.615,0.541,0.162,0.074,PRY,America,Southern Hemisphere,High,LAC,105.0,12.75262838
2018,India,0.21061827151086882,3.579145487356544,19.061894000739027,15.651357810246655,THND_TONNE,South Asia,4.19,0.721,0.747,0.485,0.539,0.172,0.093,IND,Asia,Northern Hemisphere,Medium,SA,132.0,11.81347513
2018,Mexico,17.554709014674312,0.590036711870826,39.98345803275478,1.1950994366958998,THND_TONNE,Latin America and Caribbean,6.488,1.038,1.252,0.761,0.479,0.069,0.095,MEX,America,Northern Hemisphere,High,LAC,86.0,14.8653698
2018,Norway,13.6551678322076,20.2213020682451,17.1863869653381,4.48039267714913,KG_CAP,Western Europe,7.594,1.456,1.582,0.861,0.686,0.286,0.34,NOR,Europe,Northern Hemisphere,Very High,,2.0,18.12005043
2018,Switzerland,13.272419913123,22.5490767007716,14.2661810794947,1.15355449194139,KG_CAP,Western Europe,7.487,1.42,1.549,0.927,0.66,0.256,0.357,CHE,Europe,Northern Hemisphere,Very High,,1.0,16.41327095
2018,United Kingdom,16.242839739575714,21.6818387417703,30.761701492318945,4.529057404535479,THND_TONNE,Western Europe,7.19,1.244,1.433,0.888,0.464,0.262,0.082,GBR,Europe,Northern Hemisphere,Very High,,18.0,17.24805069
2018,United Kingdom,11.673392876241,17.363121953743,27.7926608964431,4.09192439034004,KG_CAP,Western Europe,7.19,1.244,1.433,0.888,0.464,0.262,0.082,GBR,Europe,Northern Hemisphere,Very High,,18.0,17.24805069
2019,Australia,18.3061203554003,22.2856265964878,44.7674041728219,7.20902767405751,KG_CAP,North America and ANZ,7.228,1.372,1.548,1.036,0.557,0.332,0.29,AUS,Oceania,Southern Hemisphere,Very High,,5.0,21.57801056
2019,Canada,17.6454236226423,15.7406044106492,33.8710827065993,0.889937080556491,KG_CAP,North America and ANZ,7.278,1.365,1.505,1.039,0.584,0.285,0.308,CAN,America,Northern Hemisphere,Very High,,15.0,16.39625931
2019,Japan,7.43955698794546,16.1523276505959,16.9962765322175,0.16104806457323,KG_CAP,East Asia,5.886,1.327,1.419,1.088,0.445,0.069,0.14,JPN,Asia,Northern Hemisphere,Very High,,19.0,15.22162588
2019,Mexico,8.77373567141306,13.4418609465089,29.2488024629443,0.517871034570511,KG_CAP,Latin America and Caribbean,6.595,1.07,1.323,0.861,0.433,0.074,0.073,MEX,America,Northern Hemisphere,High,LAC,86.0,14.86443996
2019,New Zealand,11.7664204185344,18.9349293469092,39.613317689444,4.58328977052522,KG_CAP,North America and ANZ,7.307,1.303,1.557,1.026,0.585,0.33,0.38,NZL,Oceania,Southern Hemisphere,Very High,,13.0,20.28388977
2019,United States,26.7293486139702,23.302141032229,50.0713589267626,0.44835471639525,KG_CAP,North America and ANZ,6.892,1.433,1.457,0.874,0.454,0.28,0.128,USA,America,Northern Hemisphere,Very High,,21.0,16.28097916
2019,Argentina,39.6930414166216,11.1075472308644,38.182081438707,0.960039400240306,KG_CAP,Latin America and Caribbean,6.086,1.092,1.432,0.881,0.471,0.066,0.05,ARG,America,Southern Hemisphere,Very High,LAC,47.0,17.8748703
2019,Brazil,24.5911002492012,12.2711994305261,40.2605168496156,0.549807666894842,KG_CAP,Latin America and Caribbean,6.3,1.004,1.439,0.802,0.39,0.099,0.086,BRA,America,Southern Hemisphere,High,LAC,87.0,15.59906006
2019,Chile,18.8933783544562,19.2662894192094,36.8155707739482,0.414654236809779,KG_CAP,Latin America and Caribbean,6.444,1.159,1.369,0.92,0.357,0.187,0.056,CHL,America,Southern Hemisphere,Very High,LAC,42.0,16.73130035
2019,China,3.80705448931226,29.2504859587862,12.1347008977943,3.17685183227464,KG_CAP,East Asia,5.191,1.029,1.125,0.893,0.521,0.058,0.1,CHN,Asia,Northern Hemisphere,High,EAP,79.0,14.2361149
2019,Colombia,10.6763078140775,8.04178947139757,31.1245320622453,0.143945570973092,KG_CAP,Latin America and Caribbean,6.125,0.985,1.41,0.841,0.47,0.099,0.034,COL,America,Northern Hemisphere,High,LAC,88.0,14.51506042
2019,Ethiopia,2.54367185793091,0.0146179728311529,0.114176719287873,0.354683314241235,KG_CAP,Sub-Saharan Africa,4.286,0.336,1.033,0.532,0.344,0.209,0.1,ETH,Africa,Northern Hemisphere,Low,SSA,175.0,9.651071421
2019,India,0.52973188018674,0.167764805304175,2.45549780202629,0.462147523743412,KG_CAP,South Asia,4.015,0.755,0.765,0.588,0.498,0.2,0.085,IND,Asia,Northern Hemisphere,Medium,SA,132.0,11.46362019
2019,Indonesia,1.98390566707599,1.00556646599705,7.56930570019135,0.429029540050782,KG_CAP,Southeast Asia,5.192,0.931,1.203,0.66,0.491,0.498,0.028,IDN,Asia,Southern Hemisphere,High,EAP,114.0,13.74889386
2019,Israel,20.3276273859528,1.36284163216104,65.1118153302743,1.60297405926842,KG_CAP,Middle East and North Africa,7.139,1.276,1.455,1.029,0.371,0.261,0.082,ISR,Asia,Northern Hemisphere,Very High,,22.0,16.05088997
2019,Kazakhstan,19.4713571923728,4.77257110775444,15.2282660776928,8.30098981612012,KG_CAP,Commonwealth of Independent States,5.809,1.173,1.508,0.729,0.41,0.146,0.096,KAZ,Asia,Northern Hemisphere,Very High,ECA,56.0,15.6129303
2019,Malaysia,5.30436100458042,5.30104677348496,49.0022597853396,1.16451207924782,KG_CAP,Southeast Asia,5.339,1.221,1.171,0.828,0.508,0.26,0.024,MYS,Asia,Northern Hemisphere,Very High,EAP,62.0,13.48631954
2019,Nigeria,1.3415416944737,1.04818309242728,0.860357858664559,1.73841859129956,KG_CAP,Sub-Saharan Africa,5.265,0.696,1.111,0.245,0.426,0.215,0.041,NGA,Africa,Northern Hemisphere,Low,SSA,163.0,10.12758388
2019,Pakistan,6.39492385504998,3.8123830968e-06,5.97191395762301,2.05253707731376,KG_CAP,South Asia,5.653,0.677,0.886,0.535,0.313,0.22,0.098,PAK,Asia,Northern Hemisphere,Low,SA,161.0,8.658349991
2019,Paraguay,13.6763904190466,21.3535942122811,5.29623124597125,0.50237140605021,KG_CAP,Latin America and Caribbean,5.743,0.855,1.475,0.777,0.514,0.184,0.08,PRY,America,Southern Hemisphere,High,LAC,105.0,12.98799113
2019,Peru,4.14165144943747,4.18296274187409,45.0454016733068,1.06017278349793,KG_CAP,Latin America and Caribbean,5.697,0.96,1.274,0.854,0.455,0.083,0.027,PER,America,Southern Hemisphere,High,LAC,84.0,15.38773354
2019,Philippines,3.11867458779578,14.6652790802124,13.4972308681987,0.516354623204736,KG_CAP,Southeast Asia,5.631,0.807,1.293,0.657,0.558,0.117,0.107,PHL,Asia,Northern Hemisphere,Medium,EAP,116.0,13.39021015
2019,Saudi Arabia,4.01976796574177,0.498059463842157,32.4257730962324,3.81590035545799,KG_CAP,Middle East and North Africa,6.375,1.403,1.357,0.795,0.439,0.08,0.132,SAU,Asia,Northern Hemisphere,Very High,AS,35.0,16.02643967
2019,South Africa,12.3555298043504,3.4497553099765,34.018691664539,2.61275657439054,KG_CAP,Sub-Saharan Africa,4.722,0.96,1.351,0.469,0.389,0.13,0.055,ZAF,Africa,Southern Hemisphere,High,SSA,109.0,13.64371014
2019,Thailand,1.31102901273759,9.99085890471849,7.99283101270446,0.0436161241258223,KG_CAP,Southeast Asia,6.008,1.05,1.409,0.828,0.557,0.359,0.028,THA,Asia,Northern Hemisphere,Very High,EAP,66.0,15.88221913
2019,Ukraine,5.03282430366614,12.5421457543804,22.2816961175811,0.282493830950404,KG_CAP,Central and Eastern Europe,4.332,0.82,1.39,0.739,0.178,0.187,0.01,UKR,Europe,Northern Hemisphere,High,ECA,77.0,14.95656854
2019,Norway,24.75862831752897,0.35083468294875186,2.6733633404134425,8.51017920113416,THND_TONNE,Western Europe,7.554,1.488,1.582,1.028,0.603,0.271,0.341,NOR,Europe,Northern Hemisphere,Very High,,2.0,18.18519974
2019,Ethiopia,0.11293779973039601,34.048666471613075,3.1630603619558695,36.00791137112324,THND_TONNE,Sub-Saharan Africa,4.286,0.336,1.033,0.532,0.344,0.209,0.1,ETH,Africa,Northern Hemisphere,Low,SSA,175.0,9.651071421
2019,Thailand,12.363682845240403,19.54730112264888,0.04784141661199684,19.155702119561695,THND_TONNE,Southeast Asia,6.008,1.05,1.409,0.828,0.557,0.359,0.028,THA,Asia,Northern Hemisphere,Very High,EAP,66.0,15.88221913
2019,Ethiopia,0.016313118176469285,25.989027551138214,30.935976585571645,4.883369988850122,THND_TONNE,Sub-Saharan Africa,4.286,0.336,1.033,0.532,0.344,0.209,0.1,ETH,Africa,Northern Hemisphere,Low,SSA,175.0,9.651071421
2019,Thailand,8.767132936548457,37.154288237512695,1.6026043991198562,10.536693485836754,THND_TONNE,Southeast Asia,6.008,1.05,1.409,0.828,0.557,0.359,0.028,THA,Asia,Northern Hemisphere,Very High,EAP,66.0,15.88221913
2019,Israel,1.5372103421196204,1.6414517489175855,5.716755928986964,37.52102226979036,THND_TONNE,Middle East and North Africa,7.139,1.276,1.455,1.029,0.371,0.261,0.082,ISR,Asia,Northern Hemisphere,Very High,,22.0,16.05088997
2019,Nigeria,1.720885281305313,37.8510293630694,14.786650901417012,0.8778943279240529,THND_TONNE,Sub-Saharan Africa,5.265,0.696,1.111,0.245,0.426,0.215,0.041,NGA,Africa,Northern Hemisphere,Low,SSA,163.0,10.12758388
2019,Nigeria,1.7738523632811185,1.2066694918425684,65.0967999635634,41.30323602117822,THND_TONNE,Sub-Saharan Africa,5.265,0.696,1.111,0.245,0.426,0.215,0.041,NGA,Africa,Northern Hemisphere,Low,SSA,163.0,10.12758388
2019,New Zealand,15.423106450621239,13.315316460431555,8.813310169990197,4.778814554982367,THND_TONNE,North America and ANZ,7.307,1.303,1.557,1.026,0.585,0.33,0.38,NZL,Oceania,Southern Hemisphere,Very High,,13.0,20.28388977
2019,Kazakhstan,16.16812395471377,25.778587509257534,49.07372134355362,21.38098665981307,THND_TONNE,Commonwealth of Independent States,5.809,1.173,1.508,0.729,0.41,0.146,0.096,KAZ,Asia,Northern Hemisphere,Very High,ECA,56.0,15.6129303
2019,Japan,21.096956225952912,0.6131481736377796,12.330587931357101,15.43937554602086,THND_TONNE,East Asia,5.886,1.327,1.419,1.088,0.445,0.069,0.14,JPN,Asia,Northern Hemisphere,Very High,,19.0,15.22162588
2019,United States,0.5006375235663197,11.909142222936385,29.355234283128645,2.7524797104653707,THND_TONNE,North America and ANZ,6.892,1.433,1.457,0.874,0.454,0.28,0.128,USA,America,Northern Hemisphere,Very High,,21.0,16.28097916
2019,Argentina,41.93407645578619,5.672267553306247,54.81705954161886,55.9101983720324,THND_TONNE,Latin America and Caribbean,6.086,1.092,1.432,0.881,0.471,0.066,0.05,ARG,America,Southern Hemisphere,Very High,LAC,47.0,17.8748703
2019,Colombia,9.867510348919946,1.0546437497991312,25.548838421354045,2.216443671488175e-06,THND_TONNE,Latin America and Caribbean,6.125,0.985,1.41,0.841,0.47,0.099,0.034,COL,America,Northern Hemisphere,High,LAC,88.0,14.51506042
2019,Brazil,44.89872343081807,5.141272159173514,1.1549819031634323,7.16815368530597,THND_TONNE,Latin America and Caribbean,6.3,1.004,1.439,0.802,0.39,0.099,0.086,BRA,America,Southern Hemisphere,High,LAC,87.0,15.59906006
2019,Brazil,34.4760291898691,4.822380769106462,7.014443400742315,13.76648178020268,THND_TONNE,Latin America and Caribbean,6.3,1.004,1.439,0.802,0.39,0.099,0.086,BRA,America,Southern Hemisphere,High,LAC,87.0,15.59906006
2019,Colombia,14.597300231376407,1.252037473599333,1.1113959816868406,33.850855780386276,THND_TONNE,Latin America and Caribbean,6.125,0.985,1.41,0.841,0.47,0.099,0.034,COL,America,Northern Hemisphere,High,LAC,88.0,14.51506042
2019,Colombia,0.1565543460538046,10.827503271005925,6.428939042645697,18.37029897118144,THND_TONNE,Latin America and Caribbean,6.125,0.985,1.41,0.841,0.47,0.099,0.034,COL,America,Northern Hemisphere,High,LAC,88.0,14.51506042
2019,Pakistan,5.773507786793756,1.807814625321145,0.1864455947729649,5.306343803840769,THND_TONNE,South Asia,5.653,0.677,0.886,0.535,0.313,0.22,0.098,PAK,Asia,Northern Hemisphere,Low,SA,161.0,8.658349991
2019,Canada,35.721174484785074,25.21276082868445,4.104750202900401,26.908953841913995,THND_TONNE,North America and ANZ,7.278,1.365,1.505,1.039,0.584,0.285,0.308,CAN,America,Northern Hemisphere,Very High,,15.0,16.39625931
2019,China,37.74922596270084,39.08028193652659,14.131124278194479,0.3799717175060973,THND_TONNE,East Asia,5.191,1.029,1.125,0.893,0.521,0.058,0.1,CHN,Asia,Northern Hemisphere,High,EAP,79.0,14.2361149
2019,Ukraine,29.970262763835674,8.353616266486036,0.7250353489931196,4.271514556097333,THND_TONNE,Central and Eastern Europe,4.332,0.82,1.39,0.739,0.178,0.187,0.01,UKR,Europe,Northern Hemisphere,High,ECA,77.0,14.95656854
2019,Paraguay,6.124100939099142,28.05980258200928,7.7722403769351605,0.44016170712660524,THND_TONNE,Latin America and Caribbean,5.743,0.855,1.475,0.777,0.514,0.184,0.08,PRY,America,Southern Hemisphere,High,LAC,105.0,12.98799113
2019,South Africa,4.25077091447862,1.9843452003234554,19.676615769164684,0.5406050636148162,THND_TONNE,Sub-Saharan Africa,4.722,0.96,1.351,0.469,0.389,0.13,0.055,ZAF,Africa,Southern Hemisphere,High,SSA,109.0,13.64371014
2019,Canada,0.9402215683064575,17.32249484878679,18.76205396384207,19.88069319933429,THND_TONNE,North America and ANZ,7.278,1.365,1.505,1.039,0.584,0.285,0.308,CAN,America,Northern Hemisphere,Very High,,15.0,16.39625931
2019,Pakistan,4.158252131609445e-06,1.2693255585893752,47.912166293732874,13.8808471469935,THND_TONNE,South Asia,5.653,0.677,0.886,0.535,0.313,0.22,0.098,PAK,Asia,Northern Hemisphere,Low,SA,161.0,8.658349991
2019,Mexico,0.6062306388096056,23.073437433507273,0.5808985780046794,23.436223343779318,THND_TONNE,Latin America and Caribbean,6.595,1.07,1.323,0.861,0.433,0.074,0.073,MEX,America,Northern Hemisphere,High,LAC,86.0,14.86443996
2019,Paraguay,27.85700717140522,5.474703716524651,0.4734843969217198,16.964354679743494,THND_TONNE,Latin America and Caribbean,5.743,0.855,1.475,0.777,0.514,0.184,0.08,PRY,America,Southern Hemisphere,High,LAC,105.0,12.98799113
2019,India,0.20606648599364408,3.633991069402138,19.032779518623514,15.814146784674366,THND_TONNE,South Asia,4.015,0.755,0.765,0.588,0.498,0.2,0.085,IND,Asia,Northern Hemisphere,Medium,SA,132.0,11.46362019
2019,Mexico,17.75267198727736,0.590036711870826,40.656445902347635,1.2517961167974434,THND_TONNE,Latin America and Caribbean,6.595,1.07,1.323,0.861,0.433,0.074,0.073,MEX,America,Northern Hemisphere,High,LAC,86.0,14.86443996
2019,Norway,13.7036363719495,19.7360798652557,17.5796079912433,4.39179452659674,KG_CAP,Western Europe,7.554,1.488,1.582,1.028,0.603,0.271,0.341,NOR,Europe,Northern Hemisphere,Very High,,2.0,18.18519974
2019,Switzerland,13.2201062913529,22.5009003562741,14.30701789114,1.14835556566471,KG_CAP,Western Europe,7.48,1.452,1.526,1.052,0.572,0.263,0.343,CHE,Europe,Northern Hemisphere,Very High,,1.0,16.50029945
2019,United Kingdom,16.327679420952744,21.39078878401463,31.522803440492904,4.588270882236489,THND_TONNE,Western Europe,7.054,1.333,1.538,0.996,0.45,0.348,0.278,GBR,Europe,Northern Hemisphere,Very High,,18.0,17.30971909
2019,United Kingdom,11.6668055859047,17.0314199725123,28.3163298179107,4.12155574425945,KG_CAP,Western Europe,7.054,1.333,1.538,0.996,0.45,0.348,0.278,GBR,Europe,Northern Hemisphere,Very High,,18.0,17.30971909
2020,Australia,16.742471554166,22.6401251608253,44.2231489859064,7.22294490055437,KG_CAP,North America and ANZ,7.222799778,1.310396433,1.477146268,1.022607684,0.621877193,0.324973613,0.335996419,AUS,Oceania,Southern Hemisphere,Very High,,5.0,21.05459023
2020,Canada,17.3695920800645,15.8758695711887,33.7170553108924,0.929245535524722,KG_CAP,North America and ANZ,7.23210001,1.301647663,1.435391903,1.022501945,0.644028127,0.28152892,0.351701856,CAN,America,Northern Hemisphere,Very High,,15.0,16.39625931
2020,Japan,7.47689948111396,16.3261943590814,17.0584350127062,0.161571403969802,KG_CAP,East Asia,5.870800018,1.26672411,1.332338691,1.072881341,0.495465875,0.03571178,0.181439638,JPN,Asia,Northern Hemisphere,Very High,,19.0,15.22162588
2020,Mexico,8.73085238072356,13.7610975458302,29.252073112878,0.520071833489706,KG_CAP,Latin America and Caribbean,6.465000153,1.024387479,1.226333499,0.831601024,0.553892553,0.083094485,0.083133668,MEX,America,Northern Hemisphere,High,LAC,86.0,14.86443996
2020,New Zealand,11.7594866042422,19.130591336949,39.4794123695906,4.54641338350618,KG_CAP,North America and ANZ,7.299600124,1.242317915,1.48721838,1.008138299,0.646789908,0.325726211,0.461268276,NZL,Oceania,Southern Hemisphere,Very High,,13.0,20.28388977
2020,United States,27.2097273413537,23.4610430209146,49.4850944905003,0.438496479929833,KG_CAP,North America and ANZ,6.939599991,1.37398684,1.404786706,0.831618011,0.534608245,0.298143059,0.152284741,USA,America,Northern Hemisphere,Very High,,21.0,16.28097916
2020,Argentina,39.712605573572,11.5806908283784,38.2200223329622,0.962400881432012,KG_CAP,Latin America and Caribbean,5.974699974,1.028465629,1.372543693,0.849773705,0.520840347,0.070100471,0.060415059,ARG,America,Southern Hemisphere,Very High,LAC,47.0,17.8748703
2020,Brazil,24.7922076839021,12.3281134918886,40.7377633201846,0.548378098342556,KG_CAP,Latin America and Caribbean,6.375599861,0.952679873,1.363464117,0.766119063,0.483292729,0.131674588,0.106518604,BRA,America,Southern Hemisphere,High,LAC,87.0,15.59906006
2020,Chile,19.093535667153,19.6289163975884,37.075559244908,0.415309787251139,KG_CAP,Latin America and Caribbean,6.228499889,1.096992493,1.323286891,0.889260828,0.417482227,0.155579001,0.06284935,CHL,America,Southern Hemisphere,Very High,LAC,42.0,16.73130035
2020,China,3.84946793502705,30.4791218965628,12.2374419055507,3.22275293370534,KG_CAP,East Asia,5.123899937,0.990533412,1.132080674,0.867248535,0.601605117,0.079021044,0.117255554,CHN,Asia,Northern Hemisphere,High,EAP,79.0,14.2361149
2020,Colombia,10.8864268211505,8.30426728464547,31.6666553533582,0.143730416721074,KG_CAP,Latin America and Caribbean,6.163400173,0.93220371,1.33445096,0.810020149,0.526890039,0.092374094,0.04584837,COL,America,Northern Hemisphere,High,LAC,88.0,14.44274998
2020,Ethiopia,2.54604013306794,0.0148011240902379,0.113300347117133,0.359354694739744,KG_CAP,Sub-Saharan Africa,4.186200142,0.315125644,1.001103282,0.483846247,0.41256687,0.227698103,0.117437035,ETH,Africa,Northern Hemisphere,Low,SSA,175.0,9.651071421
2020,India,0.535302412193296,0.169324971631689,2.51661074270924,0.465456030727657,KG_CAP,South Asia,3.573299885,0.730576158,0.644198656,0.54057014,0.581142247,0.237072483,0.105587982,IND,Asia,Northern Hemisphere,Medium,SA,132.0,11.87462044
2020,Indonesia,2.01476165510888,1.00886895657205,7.655302263546,0.429823116950397,KG_CAP,Southeast Asia,5.285600185,0.891720712,1.154800892,0.610437036,0.568161428,0.542646527,0.038278613,IDN,Asia,Southern Hemisphere,High,EAP,114.0,13.74889386
2020,Israel,20.3328773494632,1.3425649219205,65.565583561009,1.62821698079058,KG_CAP,Middle East and North Africa,7.128600121,1.216463685,1.403256774,1.008052945,0.420699477,0.266861796,0.09989845,ISR,Asia,Northern Hemisphere,Very High,,22.0,16.05088997
2020,Kazakhstan,19.7259950174568,4.7589948659181,15.4253387396796,8.38182996188215,KG_CAP,Commonwealth of Independent States,6.057899952,1.122594237,1.453267694,0.698788941,0.497432142,0.153713793,0.110463686,KAZ,Asia,Northern Hemisphere,Very High,ECA,56.0,15.76500034
2020,Malaysia,5.42233691488633,5.31292578712448,49.3489262828738,1.18405213840338,KG_CAP,Southeast Asia,5.384300232,1.168421626,1.17400229,0.788511872,0.596941531,0.274886161,0.062163133,MYS,Asia,Northern Hemisphere,Very High,EAP,62.0,13.34304047
2020,Nigeria,1.34571493621286,1.05763081990358,0.836833824984488,1.73295563833349,KG_CAP,Sub-Saharan Africa,4.724100113,0.645901859,0.986717939,0.167835936,0.435079455,0.221328124,0.047589935,NGA,Africa,Northern Hemisphere,Low,SSA,163.0,10.12758388
2020,Pakistan,6.49058449520348,3.7434790013e-06,6.01003183483665,2.04232292454205,KG_CAP,South Asia,5.69329977,0.616799474,0.872979581,0.469933242,0.405421734,0.228705063,0.122592121,PAK,Asia,Northern Hemisphere,Low,SA,161.0,8.658349991
2020,Paraguay,13.7297082418167,21.6933742193792,5.26430137360326,0.500071944292353,KG_CAP,Latin America and Caribbean,5.692100048,0.897990823,1.36819756,0.735869646,0.586510062,0.204299241,0.065077379,PRY,America,Southern Hemisphere,High,LAC,105.0,12.98799113
2020,Peru,4.17620406902685,4.27308635483772,45.4538490561227,1.05488595814149,KG_CAP,Latin America and Caribbean,5.796800137,0.91854918,1.208405972,0.824444175,0.513210058,0.091611817,0.02703266,PER,America,Southern Hemisphere,High,LAC,84.0,15.38773354
2020,Philippines,3.14518456506572,14.9066436897893,13.7072547114789,0.517388497410019,KG_CAP,Southeast Asia,6.006000042,0.775120676,1.245381713,0.602189481,0.621915162,0.129260212,0.130385727,PHL,Asia,Northern Hemisphere,Medium,EAP,116.0,13.12656975
2020,Saudi Arabia,4.05439754849769,0.489894985556025,32.5288650534984,3.79385938020689,KG_CAP,Middle East and North Africa,6.406499863,1.334328532,1.309950113,0.759818137,0.548477471,0.087440684,0.163322315,SAU,Asia,Northern Hemisphere,Very High,AS,35.0,16.13549042
2020,South Africa,12.6146778451448,3.49885273811193,34.2847960450675,2.62139525632956,KG_CAP,Sub-Saharan Africa,4.814099789,0.902140439,1.259086251,0.407034069,0.43478182,0.126406848,0.05950214,ZAF,Africa,Southern Hemisphere,High,SSA,109.0,13.64371014
2020,Thailand,1.32726127103316,10.1285598797736,8.05393008326754,0.045193419367814,KG_CAP,Southeast Asia,5.998799801,1.007029295,1.347519517,0.793855846,0.609449804,0.376709014,0.031837862,THA,Asia,Northern Hemisphere,Very High,EAP,66.0,15.88221913
2020,Ukraine,5.03284139539794,12.8699398858885,22.7126062465837,0.287140641180485,KG_CAP,Central and Eastern Europe,4.56069994,0.780434608,1.321316481,0.698674381,0.319423705,0.178551316,0.00965116,UKR,Europe,Northern Hemisphere,High,ECA,77.0,14.95656854
2020,Norway,25.273631879979213,0.3639223435259058,2.7688446681248675,8.468238407036647,THND_TONNE,Western Europe,7.487999916,1.42420733,1.495172501,1.008071899,0.670200884,0.287985086,0.434100568,NOR,Europe,Northern Hemisphere,Very High,,2.0,18.18519974
2020,Ethiopia,0.1147404735453017,34.72616954908142,3.2414197561833253,35.73539073888334,THND_TONNE,Sub-Saharan Africa,4.186200142,0.315125644,1.001103282,0.483846247,0.41256687,0.227698103,0.117437035,ETH,Africa,Northern Hemisphere,Low,SSA,175.0,9.651071421
2020,Thailand,12.553024810138508,19.75618448769692,0.0496464065501524,19.19464552609902,THND_TONNE,Southeast Asia,5.998799801,1.007029295,1.347519517,0.793855846,0.609449804,0.376709014,0.031837862,THA,Asia,Northern Hemisphere,Very High,EAP,66.0,15.88221913
2020,Ethiopia,0.01691095627671251,26.589694861472235,31.245371447418986,4.973880524360342,THND_TONNE,Sub-Saharan Africa,4.186200142,0.315125644,1.001103282,0.483846247,0.41256687,0.227698103,0.117437035,ETH,Africa,Northern Hemisphere,Low,SSA,175.0,9.651071421
2020,Thailand,8.847497994921985,37.86804599053771,1.6524267316372545,10.829357148526874,THND_TONNE,Southeast Asia,5.998799801,1.007029295,1.347519517,0.793855846,0.609449804,0.376709014,0.031837862,THA,Asia,Northern Hemisphere,Very High,EAP,66.0,15.88221913
2020,Israel,1.5372103421196204,1.6450982090999389,5.756958621980297,38.46675169082492,THND_TONNE,Middle East and North Africa,7.128600121,1.216463685,1.403256774,1.008052945,0.420699477,0.266861796,0.09989845,ISR,Asia,Northern Hemisphere,Very High,,22.0,16.05088997
2020,Nigeria,1.7708223542803887,38.699593986011585,14.65302320931593,0.8759443526974813,THND_TONNE,Sub-Saharan Africa,4.724100113,0.645901859,0.986717939,0.167835936,0.435079455,0.221328124,0.047589935,NGA,Africa,Northern Hemisphere,Low,SSA,163.0,10.12758388
2020,Nigeria,1.8139475957507036,1.2489914293632047,66.54046986968667,41.52446490933545,THND_TONNE,Sub-Saharan Africa,4.724100113,0.645901859,0.986717939,0.167835936,0.435079455,0.221328124,0.047589935,NGA,Africa,Northern Hemisphere,Low,SSA,163.0,10.12758388
2020,New Zealand,15.549139462683828,13.82674086016643,8.987287783142582,4.781919782376271,THND_TONNE,North America and ANZ,7.299600124,1.242317915,1.48721838,1.008138299,0.646789908,0.325726211,0.461268276,NZL,Oceania,Southern Hemisphere,Very High,,13.0,20.28388977
2020,Kazakhstan,16.539581336821577,27.11193057273953,50.08756589008223,21.92707355145208,THND_TONNE,Commonwealth of Independent States,6.057899952,1.122594237,1.453267694,0.698788941,0.497432142,0.153713793,0.110463686,KAZ,Asia,Northern Hemisphere,Very High,ECA,56.0,15.76500034
2020,Japan,21.26368414204301,0.6157875101912857,12.742709367532989,15.618361405823174,THND_TONNE,East Asia,5.870800018,1.26672411,1.332338691,1.072881341,0.495465875,0.03571178,0.181439638,JPN,Asia,Northern Hemisphere,Very High,,19.0,15.22162588
2020,United States,0.49310885719986863,12.281676208446664,29.765424275083888,2.8231507333548485,THND_TONNE,North America and ANZ,6.939599991,1.37398684,1.404786706,0.831618011,0.534608245,0.298143059,0.152284741,USA,America,Northern Hemisphere,Very High,,21.0,16.28097916
2020,Argentina,42.37168978826174,5.785296286324382,55.34096043867868,55.6481967575724,THND_TONNE,Latin America and Caribbean,5.974699974,1.028465629,1.372543693,0.849773705,0.520840347,0.070100471,0.060415059,ARG,America,Southern Hemisphere,Very High,LAC,47.0,17.8748703
2020,Colombia,10.265329698082782,1.0668164151866972,25.941399706879785,2.2221718117021776e-06,THND_TONNE,Latin America and Caribbean,6.163400173,0.93220371,1.33445096,0.810020149,0.526890039,0.092374094,0.04584837,COL,America,Northern Hemisphere,High,LAC,88.0,14.44274998
2020,Brazil,45.745455410270715,5.312378377719824,1.1624245478022308,7.421252134801365,THND_TONNE,Latin America and Caribbean,6.375599861,0.952679873,1.363464117,0.766119063,0.483292729,0.131674588,0.106518604,BRA,America,Southern Hemisphere,High,LAC,87.0,15.59906006
2020,Brazil,34.998594846989484,4.818235376020521,7.183426469273394,14.482922752774932,THND_TONNE,Latin America and Caribbean,6.375599861,0.952679873,1.363464117,0.766119063,0.483292729,0.131674588,0.106518604,BRA,America,Southern Hemisphere,High,LAC,87.0,15.59906006
2020,Colombia,14.99524284901385,1.268669753367703,1.1293559838590674,34.69650332479257,THND_TONNE,Latin America and Caribbean,6.163400173,0.93220371,1.33445096,0.810020149,0.526890039,0.092374094,0.04584837,COL,America,Northern Hemisphere,High,LAC,88.0,14.44274998
2020,Colombia,0.1574824630510824,10.851047257162234,6.525711576886502,18.435205942587174,THND_TONNE,Latin America and Caribbean,6.163400173,0.93220371,1.33445096,0.810020149,0.526890039,0.092374094,0.04584837,COL,America,Northern Hemisphere,High,LAC,88.0,14.44274998
2020,Pakistan,5.917307254347451,1.8329628880843891,0.18652196387407627,5.4412531710405645,THND_TONNE,South Asia,5.69329977,0.616799474,0.872979581,0.469933242,0.405421734,0.228705063,0.122592121,PAK,Asia,Northern Hemisphere,Low,SA,161.0,8.658349991
2020,Canada,36.14928644471396,25.668827035967844,4.200798352184906,27.67427693364626,THND_TONNE,North America and ANZ,7.23210001,1.301647663,1.435391903,1.022501945,0.644028127,0.28152892,0.351701856,CAN,America,Northern Hemisphere,Very High,,15.0,16.39625931
2020,China,39.459108740253555,39.64813333808347,14.563023492242387,0.3843172389616757,THND_TONNE,East Asia,5.123899937,0.990533412,1.132080674,0.867248535,0.601605117,0.079021044,0.117255554,CHN,Asia,Northern Hemisphere,High,EAP,79.0,14.2361149
2020,Ukraine,30.399201194316756,8.532731911041807,0.7403999469377907,4.321886683877354,THND_TONNE,Central and Eastern Europe,4.56069994,0.780434608,1.321316481,0.698674381,0.319423705,0.178551316,0.00965116,UKR,Europe,Northern Hemisphere,High,ECA,77.0,14.95656854
2020,Paraguay,6.160719068554566,28.209522599925965,8.033703295951852,0.4441270248352548,THND_TONNE,Latin America and Caribbean,5.692100048,0.897990823,1.36819756,0.735869646,0.586510062,0.204299241,0.065077379,PRY,America,Southern Hemisphere,High,LAC,105.0,12.98799113
2020,South Africa,4.3599856422401615,2.0108133516136752,19.692672843165713,0.5496900000033041,THND_TONNE,Sub-Saharan Africa,4.814099789,0.902140439,1.259086251,0.407034069,0.43478182,0.126406848,0.05950214,ZAF,Africa,Southern Hemisphere,High,SSA,109.0,13.64371014
2020,Canada,0.9902675558728629,17.867714615976812,19.087438861936405,20.199313137395862,THND_TONNE,North America and ANZ,7.23210001,1.301647663,1.435391903,1.022501945,0.644028127,0.28152892,0.351701856,CAN,America,Northern Hemisphere,Very High,,15.0,16.39625931
2020,Pakistan,4.158252131609445e-06,1.2730920999206203,47.91362767089334,14.04259577126858,THND_TONNE,South Asia,5.69329977,0.616799474,0.872979581,0.469933242,0.405421734,0.228705063,0.122592121,PAK,Asia,Northern Hemisphere,Low,SA,161.0,8.658349991
2020,Mexico,0.6159012448745877,23.68205739873874,0.5852253782997873,23.26999653789158,THND_TONNE,Latin America and Caribbean,6.465000153,1.024387479,1.226333499,0.831601024,0.553892553,0.083094485,0.083133668,MEX,America,Northern Hemisphere,High,LAC,86.0,14.86443996
2020,Paraguay,28.642164765702343,5.5531843356135635,0.4790882580261789,17.515886473313067,THND_TONNE,Latin America and Caribbean,5.692100048,0.897990823,1.36819756,0.735869646,0.586510062,0.204299241,0.065077379,PRY,America,Southern Hemisphere,High,LAC,105.0,12.98799113
2020,India,0.21018011599483988,3.698143539146593,19.433892123329784,15.976935759102075,THND_TONNE,South Asia,3.573299885,0.730576158,0.644198656,0.54057014,0.581142247,0.237072483,0.105587982,IND,Asia,Northern Hemisphere,Medium,SA,132.0,11.87462044
2020,Mexico,18.386069236926648,0.590036711870826,41.13048605791768,1.2890711309786738,THND_TONNE,Latin America and Caribbean,6.465000153,1.024387479,1.226333499,0.831601024,0.553892553,0.083094485,0.083133668,MEX,America,Northern Hemisphere,High,LAC,86.0,14.86443996
2020,Norway,13.6085932170103,19.9662890677869,17.608438361178,4.43315705436967,KG_CAP,Western Europe,7.487999916,1.42420733,1.495172501,1.008071899,0.670200884,0.287985086,0.434100568,NOR,Europe,Northern Hemisphere,Very High,,2.0,18.18519974
2020,Switzerland,13.1715275847444,22.4584847417143,14.3504748963904,1.14349062274319,KG_CAP,Western Europe,7.559899807,1.39077425,1.472403407,1.040533185,0.62895447,0.269055754,0.407945901,CHE,Europe,Northern Hemisphere,Very High,,1.0,16.50029945
2020,United Kingdom,16.412701309038038,21.703612064085736,31.399423895160346,4.608747550466789,THND_TONNE,Western Europe,7.164500237,1.273061037,1.457844973,0.97570008,0.525168657,0.373433441,0.322601646,GBR,Europe,Northern Hemisphere,Very High,,18.0,17.30971909
2020,United Kingdom,11.6622103007572,17.1842025671796,28.0483368638732,4.11688138762212,KG_CAP,Western Europe,7.164500237,1.273061037,1.457844973,0.97570008,0.525168657,0.373433441,0.322601646,GBR,Europe,Northern Hemisphere,Very High,,18.0,17.30971909
2021,Australia,16.6389584543313,22.6273851976387,44.3985684533732,7.31651651798697,KG_CAP,North America and ANZ,7.183,1.453,1.076,0.801,0.647,0.291,0.317,AUS,Oceania,Southern Hemisphere,Very High,,5.0,21.05459023
2021,Canada,17.2589600615438,15.7906212504344,34.0178764319652,0.921766577861284,KG_CAP,North America and ANZ,7.103,1.447,1.044,0.798,0.648,0.246,0.335,CAN,America,Northern Hemisphere,Very High,,15.0,16.39625931
2021,Japan,7.50302646962998,16.3599674071244,17.1604327389292,0.16143805177428,KG_CAP,East Asia,5.94,1.389,0.949,0.838,0.504,0.02,0.192,JPN,Asia,Northern Hemisphere,Very High,,19.0,15.22162588
2021,Mexico,8.71458117884002,13.8376980802081,29.3637164611334,0.520533897566001,KG_CAP,Latin America and Caribbean,6.317,1.126,0.83,0.634,0.585,0.092,0.089,MEX,America,Northern Hemisphere,High,LAC,86.0,14.86443996
2021,New Zealand,11.6325077478359,19.1288515687546,39.5625628849405,4.48944426315471,KG_CAP,North America and ANZ,7.277,1.4,1.094,0.785,0.665,0.276,0.445,NZL,Oceania,Southern Hemisphere,Very High,,13.0,20.28388977
2021,United States,27.1937466387192,23.4232908188054,49.5456445598263,0.426683404680375,KG_CAP,North America and ANZ,6.951,1.533,1.03,0.621,0.554,0.252,0.154,USA,America,Northern Hemisphere,Very High,,21.0,16.28097916
2021,Argentina,39.4535379138107,11.6308023554786,38.2834097821656,0.96410045078437,KG_CAP,Latin America and Caribbean,5.929,1.162,0.98,0.646,0.544,0.069,0.067,ARG,America,Southern Hemisphere,Very High,LAC,47.0,17.8748703
2021,Brazil,24.7080673861143,12.5148287865336,40.6023785454033,0.547109000706652,KG_CAP,Latin America and Caribbean,6.33,1.028,0.944,0.571,0.514,0.142,0.117,BRA,America,Southern Hemisphere,High,LAC,87.0,15.59906006
2021,Chile,19.2748274926209,19.8330691733264,37.3715741021293,0.417195294640192,KG_CAP,Latin America and Caribbean,6.172,1.2,0.946,0.678,0.438,0.159,0.07,CHL,America,Southern Hemisphere,Very High,LAC,42.0,16.73130035
2021,China,3.87078953140144,30.7195138679026,12.3348942778629,3.26091830469547,KG_CAP,East Asia,5.339,1.061,0.785,0.665,0.636,0.093,0.117,CHN,Asia,Northern Hemisphere,High,EAP,79.0,14.2361149
2021,Colombia,11.1495772529585,8.43320946495415,32.2861550520904,0.144138719878165,KG_CAP,Latin America and Caribbean,6.012,1.021,0.866,0.615,0.554,0.1,0.063,COL,America,Northern Hemisphere,High,LAC,88.0,14.44274998
2021,Ethiopia,2.533179710644,0.0147239247692807,0.112152545029287,0.359040974586394,KG_CAP,Sub-Saharan Africa,4.275,0.37,0.679,0.331,0.451,0.241,0.114,ETH,Africa,Northern Hemisphere,Low,SSA,175.0,9.651071421
2021,India,0.537464780854515,0.167123375302462,2.5863789410628,0.464522683045293,KG_CAP,South Asia,3.819,0.741,0.316,0.383,0.622,0.246,0.106,IND,Asia,Northern Hemisphere,Medium,SA,132.0,11.87462044
2021,Indonesia,2.03056767241506,1.01113402712686,7.80418527132652,0.432627445842043,KG_CAP,Southeast Asia,5.345,0.954,0.786,0.433,0.598,0.541,0.046,IDN,Asia,Southern Hemisphere,High,EAP,114.0,13.74889386
2021,Israel,20.3365213542353,1.32310189751479,66.029875769103,1.65383380024631,KG_CAP,Middle East and North Africa,7.157,1.376,1.074,0.788,0.509,0.208,0.119,ISR,Asia,Northern Hemisphere,Very High,,22.0,16.05088997
2021,Kazakhstan,19.9330540801578,4.70503898205061,15.614767625617,8.47733669357114,KG_CAP,Commonwealth of Independent States,6.152,1.23,1.103,0.527,0.573,0.143,0.132,KAZ,Asia,Northern Hemisphere,Very High,ECA,56.0,15.76500034
2021,Malaysia,5.53062264074751,5.27366365250124,49.7251328172837,1.19730306663315,KG_CAP,Southeast Asia,5.384,1.259,0.797,0.587,0.624,0.27,0.064,MYS,Asia,Northern Hemisphere,Very High,EAP,62.0,13.34304047
2021,Nigeria,1.34430586637893,1.03932807781953,0.818169913729869,1.72829681285754,KG_CAP,Sub-Saharan Africa,4.759,0.663,0.625,0.051,0.433,0.212,0.039,NGA,Africa,Northern Hemisphere,Low,SSA,163.0,10.12758388
2021,Pakistan,6.52037679012715,3.6773892422e-06,6.05245389881596,2.03164886156304,KG_CAP,South Asia,4.934,0.637,0.423,0.322,0.418,0.252,0.097,PAK,Asia,Northern Hemisphere,Low,SA,161.0,8.658349991
2021,Paraguay,13.7783328991621,21.6482629681626,5.23951446676307,0.498305937288067,KG_CAP,Latin America and Caribbean,5.653,0.983,0.97,0.549,0.602,0.206,0.037,PRY,America,Southern Hemisphere,High,LAC,105.0,12.98799113
2021,Peru,4.19691952300075,4.3184815111714,45.9431935447221,1.05379216869267,KG_CAP,Latin America and Caribbean,5.84,0.986,0.833,0.623,0.536,0.087,0.031,PER,America,Southern Hemisphere,High,LAC,84.0,15.38773354
2021,Philippines,3.15958762314624,14.9062430045465,13.9204882602084,0.52122611996816,KG_CAP,Southeast Asia,5.88,0.853,0.828,0.426,0.651,0.125,0.126,PHL,Asia,Northern Hemisphere,Medium,EAP,116.0,13.12656975
2021,Saudi Arabia,4.09062759356346,0.48221160139879,32.6639313884314,3.78303306009179,KG_CAP,Middle East and North Africa,6.494,1.435,0.964,0.571,0.603,0.09,0.163,SAU,Asia,Northern Hemisphere,Very High,AS,35.0,16.13549042
2021,South Africa,12.831542371093,3.51395669092197,34.5955720713823,2.61682222284997,KG_CAP,Sub-Saharan Africa,4.956,0.967,0.895,0.265,0.447,0.144,0.051,ZAF,Africa,Southern Hemisphere,High,SSA,109.0,13.64371014
2021,Thailand,1.33779206253202,10.1749032323346,8.12787165251178,0.0472546597462457,KG_CAP,Southeast Asia,5.985,1.107,0.957,0.596,0.611,0.375,0.028,THA,Asia,Northern Hemisphere,Very High,EAP,66.0,15.88221913
2021,Ukraine,5.09197604750406,13.0238695284977,23.1749699351173,0.291613080297058,KG_CAP,Central and Eastern Europe,4.875,0.979,0.958,0.517,0.417,0.181,0.01,UKR,Europe,Northern Hemisphere,High,ECA,77.0,14.95656854
2021,Norway,25.352685537538996,0.37213135026137173,2.8748706892910625,8.52482680585219,THND_TONNE,Western Europe,7.392,1.543,1.108,0.782,0.703,0.249,0.427,NOR,Europe,Northern Hemisphere,Very High,,2.0,18.18519974
2021,Ethiopia,0.11624154614964498,35.42597114828541,3.300675866118418,35.82514129258605,THND_TONNE,Sub-Saharan Africa,4.275,0.37,0.679,0.331,0.451,0.241,0.114,ETH,Africa,Northern Hemisphere,Low,SSA,175.0,9.651071421
2021,Thailand,12.626314199702152,20.04294500799769,0.051976002624819266,19.427966060749032,THND_TONNE,Southeast Asia,5.985,1.107,0.957,0.596,0.611,0.375,0.028,THA,Asia,Northern Hemisphere,Very High,EAP,66.0,15.88221913
2021,Ethiopia,0.017217254690238357,27.12597975089121,31.612441868985076,5.027231844796392,THND_TONNE,Sub-Saharan Africa,4.275,0.37,0.679,0.331,0.451,0.241,0.114,ETH,Africa,Northern Hemisphere,Low,SSA,175.0,9.651071421
2021,Thailand,8.939949639119115,38.63085417354875,1.703114315887216,11.077514814613993,THND_TONNE,Southeast Asia,5.985,1.107,0.957,0.596,0.611,0.375,0.028,THA,Asia,Northern Hemisphere,Very High,EAP,66.0,15.88221913
2021,Israel,1.5372103421196204,1.6427787018304603,5.746167103396015,38.71693888206585,THND_TONNE,Middle East and North Africa,7.157,1.376,1.074,0.788,0.509,0.208,0.119,ISR,Asia,Northern Hemisphere,Very High,,22.0,16.05088997
2021,Nigeria,1.8143949855327526,39.35253726026111,14.751347339331733,0.8784005848622383,THND_TONNE,Sub-Saharan Africa,4.759,0.663,0.625,0.051,0.433,0.212,0.039,NGA,Africa,Northern Hemisphere,Low,SSA,163.0,10.12758388
2021,Nigeria,1.8555276914409307,1.2588959619419002,67.99741708136911,41.96635072913136,THND_TONNE,Sub-Saharan Africa,4.759,0.663,0.625,0.051,0.433,0.212,0.039,NGA,Africa,Northern Hemisphere,Low,SSA,163.0,10.12758388
2021,New Zealand,15.512249123488637,14.293876024408515,9.17669691876635,4.762219097745918,THND_TONNE,North America and ANZ,7.277,1.4,1.094,0.785,0.665,0.276,0.445,NZL,Oceania,Southern Hemisphere,Very High,,13.0,20.28388977
2021,Kazakhstan,16.902949020052382,27.33126420901431,51.1953791139598,22.377400996599043,THND_TONNE,Commonwealth of Independent States,6.152,1.23,1.103,0.527,0.573,0.143,0.132,KAZ,Asia,Northern Hemisphere,Very High,ECA,56.0,15.76500034
2021,Japan,21.242622003888396,0.6184268467447965,13.164360370941822,15.959800451166974,THND_TONNE,East Asia,5.94,1.389,0.949,0.838,0.504,0.02,0.192,JPN,Asia,Northern Hemisphere,Very High,,19.0,15.22162588
2021,United States,0.48322910679082215,12.58765618485655,29.92838719305064,2.8728000503839635,THND_TONNE,North America and ANZ,6.951,1.533,1.03,0.621,0.554,0.252,0.154,USA,America,Northern Hemisphere,Very High,,21.0,16.28097916
2021,Argentina,42.80930312073749,5.87928965476069,55.46803483798922,56.11162117719368,THND_TONNE,Latin America and Caribbean,5.929,1.162,0.98,0.646,0.544,0.069,0.067,ARG,America,Southern Hemisphere,Very High,LAC,47.0,17.8748703
2021,Colombia,10.498575387801148,1.078187964691789,26.327719068571543,2.2148960537432906e-06,THND_TONNE,Latin America and Caribbean,6.012,1.021,0.866,0.615,0.554,0.1,0.063,COL,America,Northern Hemisphere,High,LAC,88.0,14.44274998
2021,Brazil,45.89506095081686,5.429110954561296,1.1742607646773113,7.666153166952442,THND_TONNE,Latin America and Caribbean,6.33,1.028,0.944,0.571,0.514,0.142,0.117,BRA,America,Southern Hemisphere,High,LAC,87.0,15.59906006
2021,Brazil,35.11057034352929,4.8156134690540515,7.347999856557159,14.674723902528266,THND_TONNE,Latin America and Caribbean,6.33,1.028,0.944,0.571,0.514,0.142,0.117,BRA,America,Southern Hemisphere,High,LAC,87.0,15.59906006
2021,Colombia,15.466514294912326,1.2838080513876595,1.1596840218425062,35.62589161232003,THND_TONNE,Latin America and Caribbean,6.012,1.021,0.866,0.615,0.554,0.1,0.063,COL,America,Northern Hemisphere,High,LAC,88.0,14.44274998
2021,Colombia,0.15904868211260065,10.855722381546565,6.5602339861664705,18.5001129139928,THND_TONNE,Latin America and Caribbean,6.012,1.021,0.866,0.615,0.554,0.1,0.063,COL,America,Northern Hemisphere,High,LAC,88.0,14.44274998
2021,Pakistan,6.066170856245906,1.8498285681325257,0.18579906559299258,5.577349828754603,THND_TONNE,South Asia,4.934,0.637,0.423,0.322,0.418,0.252,0.097,PAK,Asia,Northern Hemisphere,Low,SA,161.0,8.658349991
2021,Canada,36.584500735964035,26.09814435452396,4.281560639108958,27.98788597837881,THND_TONNE,North America and ANZ,7.103,1.447,1.044,0.798,0.648,0.246,0.335,CAN,America,Northern Hemisphere,Very High,,15.0,16.39625931
2021,China,39.88010726571932,40.250927091340415,15.005191127282485,0.3883484539880838,THND_TONNE,East Asia,5.339,1.061,0.785,0.665,0.636,0.093,0.117,CHN,Asia,Northern Hemisphere,High,EAP,79.0,14.2361149
2021,Ukraine,30.86268879418946,8.782757079612177,0.7510360825965962,4.405120701287311,THND_TONNE,Central and Eastern Europe,4.875,0.979,0.958,0.517,0.417,0.181,0.01,UKR,Europe,Northern Hemisphere,High,ECA,77.0,14.95656854
2021,Paraguay,6.2041855919012745,28.35924261784265,8.215622451699094,0.4493387766199518,THND_TONNE,Latin America and Caribbean,5.653,0.983,0.97,0.549,0.602,0.206,0.037,PRY,America,Southern Hemisphere,High,LAC,105.0,12.98799113
2021,South Africa,4.426885289249972,2.036253281755671,19.749943294176962,0.5618407490066719,THND_TONNE,Sub-Saharan Africa,4.956,0.967,0.895,0.265,0.447,0.144,0.051,ZAF,Africa,Southern Hemisphere,High,SSA,109.0,13.64371014
2021,Canada,0.9906817327428181,18.127726055784716,19.14698884411965,20.510443094403225,THND_TONNE,North America and ANZ,7.103,1.447,1.044,0.798,0.648,0.246,0.335,CAN,America,Northern Hemisphere,Very High,,15.0,16.39625931
2021,Pakistan,4.158252131609445e-06,1.2768586412518537,48.676195162591846,14.193494736753408,THND_TONNE,South Asia,4.934,0.637,0.423,0.322,0.418,0.252,0.097,PAK,Asia,Northern Hemisphere,Low,SA,161.0,8.658349991
2021,Mexico,0.6234210020315819,24.099747537653666,0.5900513370261651,23.31913592473283,THND_TONNE,Latin America and Caribbean,6.317,1.126,0.83,0.634,0.585,0.092,0.089,MEX,America,Northern Hemisphere,High,LAC,86.0,14.86443996
2021,Paraguay,28.92043767945153,5.599356247986524,0.4868748794014597,18.012636670885854,THND_TONNE,Latin America and Caribbean,5.653,0.983,0.97,0.549,0.602,0.206,0.037,PRY,America,Southern Hemisphere,High,LAC,105.0,12.98799113
2021,India,0.20958076791311017,3.7522678145480572,19.56783089498503,16.139724733529896,THND_TONNE,South Asia,3.819,0.741,0.316,0.383,0.622,0.246,0.106,IND,Asia,Northern Hemisphere,Medium,SA,132.0,11.87462044
2021,Mexico,18.697534042511993,0.590036711870826,41.746095432524456,1.320148928603541,THND_TONNE,Latin America and Caribbean,6.317,1.126,0.83,0.634,0.585,0.092,0.089,MEX,America,Northern Hemisphere,High,LAC,86.0,14.86443996
2021,Norway,13.6478516511207,19.8452918166445,17.7004017635152,4.43966809147692,KG_CAP,Western Europe,7.392,1.543,1.108,0.782,0.703,0.249,0.427,NOR,Europe,Northern Hemisphere,Very High,,2.0,18.18519974
2021,Switzerland,13.1261969857544,22.4210387429504,14.3961145594165,1.13891677702872,KG_CAP,Western Europe,7.571,1.566,1.079,0.816,0.653,0.204,0.413,CHE,Europe,Northern Hemisphere,Very High,,1.0,16.50029945
2021,United Kingdom,16.556606094047698,21.501861163830288,31.731295429479296,4.663239662600804,THND_TONNE,Western Europe,7.064,1.423,1.062,0.757,0.58,0.34,0.306,GBR,Europe,Northern Hemisphere,Very High,,18.0,17.30971909
2021,United Kingdom,11.7009877101974,16.9326067708269,28.1918542493496,4.14308244017334,KG_CAP,Western Europe,7.064,1.423,1.062,0.757,0.58,0.34,0.306,GBR,Europe,Northern Hemisphere,Very High,,18.0,17.30971909
