Model,Option,Fill Method,Train R^2,Test R^2,Validation R^2,CTGAN R^2,Noise R^2,VAE R^2,Copula R^2
LinearRegression,general,"{'half_nans': 'median', 'one_third_nans': 'mean', 'small_nas': 'ffill', 'unclear_columns': 'drop'}",0.8205139786013602,0.6657006631014966,0.29740715671701834,-0.6882016256121617,0.666246160969881,-1.3432650883863757,0.5069066971442497
LinearRegression,general,"{'half_nans': 'mean', 'one_third_nans': 'bfill', 'small_nas': 'bfill', 'unclear_columns': 'drop'}",0.8313056385007433,0.6364568291811932,0.5308958383402238,-0.9718040332796685,0.6708316327412354,-2.1943410090763935,0.5592775055812886
LinearRegression,general,"{'half_nans': 'median', 'one_third_nans': 'median', 'small_nas': 'mode', 'unclear_columns': 'drop'}",0.8119612979669143,0.6711105945739364,0.49391972422796504,-0.4629081763851921,0.6695336362023242,0.33649640766731215,-0.3699957555651079
LinearRegression,ctgan,"{'half_nans': 'median', 'one_third_nans': 'mean', 'small_nas': 'ffill', 'unclear_columns': 'drop'}",-0.3384012321505605,-0.5113413660347135,-1.3282953234908144,0.038691587457424625,-0.8839944772509598,0.055341655513366006,-0.34239346319853614
LinearRegression,ctgan,"{'half_nans': 'mean', 'one_third_nans': 'bfill', 'small_nas': 'bfill', 'unclear_columns': 'drop'}",-0.34262053229634937,-0.5154276926595209,-1.323147622484968,0.038691587457424625,-0.8780164015526921,0.055341655513366006,-0.34239346319853614
LinearRegression,ctgan,"{'half_nans': 'median', 'one_third_nans': 'median', 'small_nas': 'mode', 'unclear_columns': 'drop'}",-0.3211247967926705,-0.5158030007835186,-1.2793293420842664,0.038691587457424625,-0.8791291900862741,0.055341655513366006,-0.34239346319853614
LinearRegression,noise,"{'half_nans': 'median', 'one_third_nans': 'mean', 'small_nas': 'ffill', 'unclear_columns': 'drop'}",0.6726603200237833,0.6270700167490534,0.5958380990623718,-0.5678093485067666,0.7755695911488686,0.7232790168754428,0.6699770689334414
LinearRegression,noise,"{'half_nans': 'mean', 'one_third_nans': 'bfill', 'small_nas': 'bfill', 'unclear_columns': 'drop'}",0.6925574942640451,0.4822478026590977,0.44432745461370426,-0.5887069467831121,0.7799443812778545,0.328618638890831,0.6868255246813623
LinearRegression,noise,"{'half_nans': 'median', 'one_third_nans': 'median', 'small_nas': 'mode', 'unclear_columns': 'drop'}",0.6780826661153787,0.6258146869092186,0.6527851301784263,-0.490326087778326,0.766345329182478,-1.4568932409529727,-0.07169366962284474
LinearRegression,vae,"{'half_nans': 'median', 'one_third_nans': 'mean', 'small_nas': 'ffill', 'unclear_columns': 'drop'}",-0.06320394672618268,-0.3116377512331574,-0.7695558593186955,-4.901146736075932,-0.40189860471017,0.9965294142265926,-0.17070795328463118
LinearRegression,vae,"{'half_nans': 'mean', 'one_third_nans': 'bfill', 'small_nas': 'bfill', 'unclear_columns': 'drop'}",-0.11230760317717747,-0.3157664860160918,-1.0330614840327965,-4.901146736075932,-0.4331271320937611,0.9965294142265926,-0.17070795328463118
LinearRegression,vae,"{'half_nans': 'median', 'one_third_nans': 'median', 'small_nas': 'mode', 'unclear_columns': 'drop'}",-3.3352788114309444,-0.3089101226283604,-4.637998519242239,-4.901146736075932,-1.2462305704872834,0.9965294142265926,-0.17070795328463118
LinearRegression,copula,"{'half_nans': 'median', 'one_third_nans': 'mean', 'small_nas': 'ffill', 'unclear_columns': 'drop'}",0.6403305331100388,0.5653344680347534,0.47897554439023193,-0.7567760924573974,0.7403354160690319,0.5124331398257542,0.7078656300359066
LinearRegression,copula,"{'half_nans': 'mean', 'one_third_nans': 'bfill', 'small_nas': 'bfill', 'unclear_columns': 'drop'}",0.644230738190408,0.29272655887022325,-0.011086043555162295,-0.7567760924573974,0.7078316010814025,0.5124331398257542,0.7078656300359066
LinearRegression,copula,"{'half_nans': 'median', 'one_third_nans': 'median', 'small_nas': 'mode', 'unclear_columns': 'drop'}",0.5699105837999483,0.5825336516853128,0.38985852571777013,-0.7567760924573974,0.7052077875077634,0.5124331398257542,0.7078656300359066
Ridge,general,"{'half_nans': 'median', 'one_third_nans': 'mean', 'small_nas': 'ffill', 'unclear_columns': 'drop'}",0.8167245479960282,0.665917221961094,0.3927653856012975,-0.6968194271690831,0.6809534934659127,-1.5945183480335348,0.5499328420785963
Ridge,general,"{'half_nans': 'mean', 'one_third_nans': 'bfill', 'small_nas': 'bfill', 'unclear_columns': 'drop'}",0.828786141182575,0.6412689753052412,0.5662012635257485,-0.9829054897905138,0.6811470414026954,-1.8639726292762027,0.5689688947318396
Ridge,general,"{'half_nans': 'median', 'one_third_nans': 'median', 'small_nas': 'mode', 'unclear_columns': 'drop'}",0.8051504185009104,0.6768932706008847,0.5954667963730097,-0.32555103717813716,0.6714062431541521,-0.6394625378852574,0.5126386595779837
Ridge,ctgan,"{'half_nans': 'median', 'one_third_nans': 'mean', 'small_nas': 'ffill', 'unclear_columns': 'drop'}",-0.3384896744541086,-0.5113629217200766,-1.3284665953842452,0.03869157444780713,-0.88411956382771,0.05533132052487577,-0.34249159813465346
Ridge,ctgan,"{'half_nans': 'mean', 'one_third_nans': 'bfill', 'small_nas': 'bfill', 'unclear_columns': 'drop'}",-0.34270843717057575,-0.5154357902705384,-1.3233252365755908,0.03869157444780713,-0.8781432974013439,0.05533132052487577,-0.34249159813465346
Ridge,ctgan,"{'half_nans': 'median', 'one_third_nans': 'median', 'small_nas': 'mode', 'unclear_columns': 'drop'}",-0.32121286645624236,-0.5158276238583273,-1.279516957010638,0.03869157444780713,-0.8792558905240746,0.05533132052487577,-0.34249159813465346
Ridge,noise,"{'half_nans': 'median', 'one_third_nans': 'mean', 'small_nas': 'ffill', 'unclear_columns': 'drop'}",0.6727112820424026,0.6270755532465302,0.5945745425675875,-0.5716669306205768,0.7755677271085198,0.7084762112744245,0.6721041025213537
Ridge,noise,"{'half_nans': 'mean', 'one_third_nans': 'bfill', 'small_nas': 'bfill', 'unclear_columns': 'drop'}",0.6926373262940109,0.4820660827661275,0.4423360534451718,-0.5929413969267128,0.779943085607943,0.306264590168824,0.686677528015647
Ridge,noise,"{'half_nans': 'median', 'one_third_nans': 'median', 'small_nas': 'mode', 'unclear_columns': 'drop'}",0.6772182838140605,0.6291433170294121,0.6591893943018108,-0.4462659772009463,0.7662349314970179,-0.6913150397142542,0.10611181541559966
Ridge,vae,"{'half_nans': 'median', 'one_third_nans': 'mean', 'small_nas': 'ffill', 'unclear_columns': 'drop'}",0.05384618600210811,-0.182049431714572,-0.6506002007849652,-3.8650099788979526,-0.25177060386141004,0.996105591217507,-0.13208168798951525
Ridge,vae,"{'half_nans': 'mean', 'one_third_nans': 'bfill', 'small_nas': 'bfill', 'unclear_columns': 'drop'}",-0.009508316771934755,-0.2702184403402812,-0.9793068959397442,-3.8650099788979526,-0.2784550012940037,0.996105591217507,-0.13208168798951525
Ridge,vae,"{'half_nans': 'median', 'one_third_nans': 'median', 'small_nas': 'mode', 'unclear_columns': 'drop'}",-2.4953930619323463,-0.17433298303789857,-3.8923446344223107,-3.8650099788979526,-0.9091819758622717,0.996105591217507,-0.13208168798951525
Ridge,copula,"{'half_nans': 'median', 'one_third_nans': 'mean', 'small_nas': 'ffill', 'unclear_columns': 'drop'}",0.6427821800157607,0.5682936028386084,0.4825254793265207,-0.7579415031860255,0.742607854065196,0.5035270018213865,0.707837123161507
Ridge,copula,"{'half_nans': 'mean', 'one_third_nans': 'bfill', 'small_nas': 'bfill', 'unclear_columns': 'drop'}",0.6473974061820922,0.30205131298907206,-0.00028949523665078303,-0.7579415031860255,0.7110151323110522,0.5035270018213865,0.707837123161507
Ridge,copula,"{'half_nans': 'median', 'one_third_nans': 'median', 'small_nas': 'mode', 'unclear_columns': 'drop'}",0.571186615823492,0.5851659704540288,0.391525398373589,-0.7579415031860255,0.7070719395130667,0.5035270018213865,0.707837123161507
Lasso,general,"{'half_nans': 'median', 'one_third_nans': 'mean', 'small_nas': 'ffill', 'unclear_columns': 'drop'}",0.680304857892938,0.5969121135627209,0.5729352849554358,-0.740699424881426,0.7553745872525958,-1.3204741366065953,0.6535207622877948
Lasso,general,"{'half_nans': 'mean', 'one_third_nans': 'bfill', 'small_nas': 'bfill', 'unclear_columns': 'drop'}",0.7149884615623032,0.5695433455922075,0.5337776940223059,-0.8843377204371199,0.7503424265898937,-0.9008300276270844,0.632938210315283
Lasso,general,"{'half_nans': 'median', 'one_third_nans': 'median', 'small_nas': 'mode', 'unclear_columns': 'drop'}",0.671847588718376,0.6336186227104188,0.6515240067403201,-0.5105463901219096,0.7369828376401173,-1.684861951710873,0.6499649431518645
Lasso,ctgan,"{'half_nans': 'median', 'one_third_nans': 'mean', 'small_nas': 'ffill', 'unclear_columns': 'drop'}",-0.3593658292033415,-0.4886558659094904,-1.360090884729717,0.0333935507981592,-0.9024183667688273,0.0528287149060227,-0.36153570832146587
Lasso,ctgan,"{'half_nans': 'mean', 'one_third_nans': 'bfill', 'small_nas': 'bfill', 'unclear_columns': 'drop'}",-0.36309890749225526,-0.48790081691050147,-1.3682589374651815,0.0333935507981592,-0.8995240326875187,0.0528287149060227,-0.36153570832146587
Lasso,ctgan,"{'half_nans': 'median', 'one_third_nans': 'median', 'small_nas': 'mode', 'unclear_columns': 'drop'}",-0.3456707356061848,-0.49498004343066193,-1.338381157861642,0.0333935507981592,-0.9011585566681517,0.0528287149060227,-0.36153570832146587
Lasso,noise,"{'half_nans': 'median', 'one_third_nans': 'mean', 'small_nas': 'ffill', 'unclear_columns': 'drop'}",0.6726249340620194,0.6022159672557847,0.5457242053584465,-0.779771018754472,0.7689648806007718,-0.4694287581297616,0.6842377699366147
Lasso,noise,"{'half_nans': 'mean', 'one_third_nans': 'bfill', 'small_nas': 'bfill', 'unclear_columns': 'drop'}",0.6987644741466736,0.48315814309866956,0.4238105940831953,-0.7525441711366527,0.7727079624961966,-0.9131172257380991,0.6682297867538611
Lasso,noise,"{'half_nans': 'median', 'one_third_nans': 'median', 'small_nas': 'mode', 'unclear_columns': 'drop'}",0.6524645743138171,0.6262305980748659,0.6360465008759282,-0.5678238208023578,0.7477512488271751,-1.066703064749106,0.6677634955708429
Lasso,vae,"{'half_nans': 'median', 'one_third_nans': 'mean', 'small_nas': 'ffill', 'unclear_columns': 'drop'}",0.403740050852216,0.49788387668903,-0.37793042412315314,-0.647577378201255,0.3668700377880959,0.9573561063280291,-0.15778765758488422
Lasso,vae,"{'half_nans': 'mean', 'one_third_nans': 'bfill', 'small_nas': 'bfill', 'unclear_columns': 'drop'}",0.4104865341656866,0.21246619912078135,-0.8445757130007558,-0.647577378201255,0.3854243649234457,0.9573561063280291,-0.15778765758488422
Lasso,vae,"{'half_nans': 'median', 'one_third_nans': 'median', 'small_nas': 'mode', 'unclear_columns': 'drop'}",0.41811131185954054,0.507606711876466,-0.34513871526949713,-0.647577378201255,0.38962000955123965,0.9573561063280291,-0.15778765758488422
Lasso,copula,"{'half_nans': 'median', 'one_third_nans': 'mean', 'small_nas': 'ffill', 'unclear_columns': 'drop'}",0.657569264133856,0.5775450061981103,0.49875675114632423,-0.7938187193203761,0.7506674987856647,0.12494212034784535,0.6991889428768958
Lasso,copula,"{'half_nans': 'mean', 'one_third_nans': 'bfill', 'small_nas': 'bfill', 'unclear_columns': 'drop'}",0.6718195178082674,0.40124669713826044,0.11884527758435448,-0.7938187193203761,0.7334482655095821,0.12494212034784535,0.6991889428768958
Lasso,copula,"{'half_nans': 'median', 'one_third_nans': 'median', 'small_nas': 'mode', 'unclear_columns': 'drop'}",0.5889626066762563,0.6002963401704482,0.42734353890938903,-0.7938187193203761,0.7152762429900043,0.12494212034784535,0.6991889428768958
ElasticNet,general,"{'half_nans': 'median', 'one_third_nans': 'mean', 'small_nas': 'ffill', 'unclear_columns': 'drop'}",0.7054165164096773,0.6068415128463964,0.6036528415142388,-0.7110627253768589,0.7492461942828936,-1.2385710067870224,0.651495673039417
ElasticNet,general,"{'half_nans': 'mean', 'one_third_nans': 'bfill', 'small_nas': 'bfill', 'unclear_columns': 'drop'}",0.7349384903825505,0.5759337736838596,0.5511121313474681,-0.9338585607695804,0.7489483641477499,-0.7069788021958436,0.6349695378556739
ElasticNet,general,"{'half_nans': 'median', 'one_third_nans': 'median', 'small_nas': 'mode', 'unclear_columns': 'drop'}",0.697821787291872,0.6434863572664071,0.6825207777077815,-0.47307410511244496,0.7306891929312924,-1.4507614790449321,0.6495826803102461
ElasticNet,ctgan,"{'half_nans': 'median', 'one_third_nans': 'mean', 'small_nas': 'ffill', 'unclear_columns': 'drop'}",-0.3509052604273599,-0.5000398025634423,-1.3485079685808796,0.0370939742088926,-0.8964214563384434,0.054338185737922484,-0.35444045824637405
ElasticNet,ctgan,"{'half_nans': 'mean', 'one_third_nans': 'bfill', 'small_nas': 'bfill', 'unclear_columns': 'drop'}",-0.3548194655990742,-0.5013217684951254,-1.3502829785939854,0.0370939742088926,-0.8920229346676762,0.054338185737922484,-0.35444045824637405
ElasticNet,ctgan,"{'half_nans': 'median', 'one_third_nans': 'median', 'small_nas': 'mode', 'unclear_columns': 'drop'}",-0.3352596510431074,-0.5055303896731691,-1.31365238972595,0.0370939742088926,-0.8933852488006448,0.054338185737922484,-0.35444045824637405
ElasticNet,noise,"{'half_nans': 'median', 'one_third_nans': 'mean', 'small_nas': 'ffill', 'unclear_columns': 'drop'}",0.6732724647105226,0.6124965915632552,0.5396992166721509,-0.801691415172527,0.7721065574719611,-0.24363827962488327,0.6861677794956459
ElasticNet,noise,"{'half_nans': 'mean', 'one_third_nans': 'bfill', 'small_nas': 'bfill', 'unclear_columns': 'drop'}",0.6990680346546785,0.4896075706870945,0.4138817999174176,-0.7574213917740937,0.7761662302492871,-0.650289757660862,0.6647318746096905
ElasticNet,noise,"{'half_nans': 'median', 'one_third_nans': 'median', 'small_nas': 'mode', 'unclear_columns': 'drop'}",0.6576145112937846,0.6412073109631294,0.6582850200178951,-0.5526427491681585,0.7525492325247818,-0.7751490164482837,0.6673849536690852
ElasticNet,vae,"{'half_nans': 'median', 'one_third_nans': 'mean', 'small_nas': 'ffill', 'unclear_columns': 'drop'}",0.3999196906409024,0.4981947021345129,-0.537183504077706,-0.7852907341062494,0.3499858538066184,0.9661494665258986,-0.573195276755557
ElasticNet,vae,"{'half_nans': 'mean', 'one_third_nans': 'bfill', 'small_nas': 'bfill', 'unclear_columns': 'drop'}",0.38422615032170704,0.112246653792197,-1.1822870934940544,-0.7852907341062494,0.3480526918049146,0.9661494665258986,-0.573195276755557
ElasticNet,vae,"{'half_nans': 'median', 'one_third_nans': 'median', 'small_nas': 'mode', 'unclear_columns': 'drop'}",0.3935579350283014,0.46591905279129264,-0.5633511433057194,-0.7852907341062494,0.3688110240092727,0.9661494665258986,-0.573195276755557
ElasticNet,copula,"{'half_nans': 'median', 'one_third_nans': 'mean', 'small_nas': 'ffill', 'unclear_columns': 'drop'}",0.6584799586888825,0.5819629102284398,0.4996470773992593,-0.7924709369283931,0.7520624028702031,0.17009507516010025,0.6996798665572965
ElasticNet,copula,"{'half_nans': 'mean', 'one_third_nans': 'bfill', 'small_nas': 'bfill', 'unclear_columns': 'drop'}",0.672636314884892,0.4044507961838598,0.11835207807031156,-0.7924709369283931,0.7343350444452286,0.17009507516010025,0.6996798665572965
ElasticNet,copula,"{'half_nans': 'median', 'one_third_nans': 'median', 'small_nas': 'mode', 'unclear_columns': 'drop'}",0.5895811115292355,0.603207956457918,0.427640477413086,-0.7924709369283931,0.7164984842810243,0.17009507516010025,0.6996798665572965
RandomForest,general,"{'half_nans': 'median', 'one_third_nans': 'mean', 'small_nas': 'ffill', 'unclear_columns': 'drop'}",0.9642815705081853,0.7155031455763938,0.4383693310562685,-0.42892557711105983,0.8358670995799323,-0.3572514246138323,0.614181008568918
RandomForest,general,"{'half_nans': 'mean', 'one_third_nans': 'bfill', 'small_nas': 'bfill', 'unclear_columns': 'drop'}",0.9728527643058833,0.6603182215421042,0.3026526990348456,-0.5410596688233027,0.7468738347149019,-2.8319913283843,0.3634354687418212
RandomForest,general,"{'half_nans': 'median', 'one_third_nans': 'median', 'small_nas': 'mode', 'unclear_columns': 'drop'}",0.9401353170946154,0.654836130455202,0.6837323505714176,-0.32713092328925786,0.8220795089805899,-1.7774717044492592,0.6240632684827991
RandomForest,ctgan,"{'half_nans': 'median', 'one_third_nans': 'mean', 'small_nas': 'ffill', 'unclear_columns': 'drop'}",-0.2584840937954458,-0.5404391571462779,-2.298802924059466,0.8566835660777576,-0.8708307366784616,-0.9581069469368113,-0.39786742141619236
RandomForest,ctgan,"{'half_nans': 'mean', 'one_third_nans': 'bfill', 'small_nas': 'bfill', 'unclear_columns': 'drop'}",-0.24749889605753395,-0.4668233651396716,-2.179642133287949,0.8566835660777576,-0.8555612420273191,-0.9581069469368113,-0.39786742141619236
RandomForest,ctgan,"{'half_nans': 'median', 'one_third_nans': 'median', 'small_nas': 'mode', 'unclear_columns': 'drop'}",-0.25230517677834885,-0.5303147528872882,-2.1768863842188146,0.8566835660777576,-0.8545358009185082,-0.9581069469368113,-0.39786742141619236
RandomForest,noise,"{'half_nans': 'median', 'one_third_nans': 'mean', 'small_nas': 'ffill', 'unclear_columns': 'drop'}",0.9490731564267086,0.920947637141645,0.6391783978491159,-0.6202696637599667,0.9981581491344979,-2.10176177151496,0.2480883520833228
RandomForest,noise,"{'half_nans': 'mean', 'one_third_nans': 'bfill', 'small_nas': 'bfill', 'unclear_columns': 'drop'}",0.8589201922322726,0.2508967597098415,0.5264311284946582,-0.6491977683248973,0.9986420991537942,-9.177047470710676,0.15473997345499158
RandomForest,noise,"{'half_nans': 'median', 'one_third_nans': 'median', 'small_nas': 'mode', 'unclear_columns': 'drop'}",0.9261733972104835,0.9642921161136309,0.6997592746111482,-0.5192614075539324,0.9781199897617933,-15.621443163094405,0.3557460238152339
RandomForest,vae,"{'half_nans': 'median', 'one_third_nans': 'mean', 'small_nas': 'ffill', 'unclear_columns': 'drop'}",0.39528828870501753,0.3699041125456143,-0.05589126887774376,-0.2665776088923155,0.3483353897460467,0.9990816460633137,0.40914079151066673
RandomForest,vae,"{'half_nans': 'mean', 'one_third_nans': 'bfill', 'small_nas': 'bfill', 'unclear_columns': 'drop'}",0.4363333421615967,0.15110559151905267,-0.27676711212693506,-0.2665776088923155,0.3677386085616894,0.9990816460633137,0.40914079151066673
RandomForest,vae,"{'half_nans': 'median', 'one_third_nans': 'median', 'small_nas': 'mode', 'unclear_columns': 'drop'}",0.3670025523102981,0.28444044894608,-0.2061264690099529,-0.2665776088923155,0.33778938530847447,0.9990816460633137,0.40914079151066673
RandomForest,copula,"{'half_nans': 'median', 'one_third_nans': 'mean', 'small_nas': 'ffill', 'unclear_columns': 'drop'}",0.5730574653347469,0.609457728700268,0.4003966099729541,-0.4352464734604362,0.6167037190755715,0.07500070787758673,0.950820565232231
RandomForest,copula,"{'half_nans': 'mean', 'one_third_nans': 'bfill', 'small_nas': 'bfill', 'unclear_columns': 'drop'}",0.5878632166233178,0.5440356022858741,0.25333729439380337,-0.4352464734604362,0.6248627848897581,0.07500070787758673,0.950820565232231
RandomForest,copula,"{'half_nans': 'median', 'one_third_nans': 'median', 'small_nas': 'mode', 'unclear_columns': 'drop'}",0.5349444719784882,0.5802031710279171,0.32452586738244216,-0.4352464734604362,0.5862666928254505,0.07500070787758673,0.950820565232231
GradientBoosting,general,"{'half_nans': 'median', 'one_third_nans': 'mean', 'small_nas': 'ffill', 'unclear_columns': 'drop'}",0.9919552943689478,0.6636019125429686,0.32123504162174876,-0.33987553772216494,0.8178668850016272,-1.3052568522181458,0.5583301429057463
GradientBoosting,general,"{'half_nans': 'mean', 'one_third_nans': 'bfill', 'small_nas': 'bfill', 'unclear_columns': 'drop'}",0.9951158906499116,0.757984004130571,0.30393161780891287,-0.47747597821015786,0.754656209530342,-0.5457227570822432,0.420145328387998
GradientBoosting,general,"{'half_nans': 'median', 'one_third_nans': 'median', 'small_nas': 'mode', 'unclear_columns': 'drop'}",0.9689627683234907,0.6572564433933794,0.27888960975479193,-0.29848964776637144,0.8278846059191818,-0.499797891172824,0.5875376452917715
GradientBoosting,ctgan,"{'half_nans': 'median', 'one_third_nans': 'mean', 'small_nas': 'ffill', 'unclear_columns': 'drop'}",-0.3065270390046011,-0.5584041374106088,-2.476018193284051,0.3772854663271801,-0.9641796132710643,-0.1939904348562418,-0.36951396882160537
GradientBoosting,ctgan,"{'half_nans': 'mean', 'one_third_nans': 'bfill', 'small_nas': 'bfill', 'unclear_columns': 'drop'}",-0.2988064930538801,-0.5019706557029981,-2.2762586059568064,0.3772854663271801,-0.9677752822866876,-0.1939904348562418,-0.36951396882160537
GradientBoosting,ctgan,"{'half_nans': 'median', 'one_third_nans': 'median', 'small_nas': 'mode', 'unclear_columns': 'drop'}",-0.3070032668279301,-0.5340318029637912,-2.307917101636268,0.3772854663271801,-0.9554894808621519,-0.1939904348562418,-0.36951396882160537
GradientBoosting,noise,"{'half_nans': 'median', 'one_third_nans': 'mean', 'small_nas': 'ffill', 'unclear_columns': 'drop'}",0.9160595039328027,0.9625008834093125,0.5744066973415152,-0.5798231734781853,0.9728589370739297,-2.6759723062314977,0.39730232591383907
GradientBoosting,noise,"{'half_nans': 'mean', 'one_third_nans': 'bfill', 'small_nas': 'bfill', 'unclear_columns': 'drop'}",0.8860615404290098,0.5915092755591467,0.549731238474456,-0.5149249511500584,0.9824562621852845,-5.404741577119991,0.35871575826231006
GradientBoosting,noise,"{'half_nans': 'median', 'one_third_nans': 'median', 'small_nas': 'mode', 'unclear_columns': 'drop'}",0.8915945581347732,0.9422263207748582,0.8766415983124544,-0.4360704105908426,0.9510114469983691,-3.8628304233733273,0.4732632945918932
GradientBoosting,vae,"{'half_nans': 'median', 'one_third_nans': 'mean', 'small_nas': 'ffill', 'unclear_columns': 'drop'}",0.447984290989461,0.4292097795630264,0.09786848088904987,-0.25356312623990607,0.40944474415954013,0.9993204539646423,0.47391093431079423
GradientBoosting,vae,"{'half_nans': 'mean', 'one_third_nans': 'bfill', 'small_nas': 'bfill', 'unclear_columns': 'drop'}",0.47855522077080004,0.22954238192536536,-0.1087036385616389,-0.25356312623990607,0.419054960768235,0.9993204539646423,0.47391093431079423
GradientBoosting,vae,"{'half_nans': 'median', 'one_third_nans': 'median', 'small_nas': 'mode', 'unclear_columns': 'drop'}",0.4409977197132078,0.37533634382635206,-0.032769968857405685,-0.25356312623990607,0.3966129039713001,0.9993204539646423,0.47391093431079423
GradientBoosting,copula,"{'half_nans': 'median', 'one_third_nans': 'mean', 'small_nas': 'ffill', 'unclear_columns': 'drop'}",0.5563475501228359,0.5210243285530404,0.23570588338268994,-0.3560853205871559,0.5404033441302571,0.5658653563747116,0.9780899056574766
GradientBoosting,copula,"{'half_nans': 'mean', 'one_third_nans': 'bfill', 'small_nas': 'bfill', 'unclear_columns': 'drop'}",0.5892280725882705,0.48308353207081467,0.07734629408120475,-0.3560853205871559,0.55607867490196,0.5658653563747116,0.9780899056574766
GradientBoosting,copula,"{'half_nans': 'median', 'one_third_nans': 'median', 'small_nas': 'mode', 'unclear_columns': 'drop'}",0.5133619911051259,0.4959052480290861,0.08471845940105038,-0.3560853205871559,0.496815881595445,0.5658653563747116,0.9780899056574766
AdaBoost,general,"{'half_nans': 'median', 'one_third_nans': 'mean', 'small_nas': 'ffill', 'unclear_columns': 'drop'}",0.9182879462655812,0.7356044583853008,0.5838752663471223,-0.3629010972394431,0.7656485218551337,-0.7998159869117021,0.5273155465527005
AdaBoost,general,"{'half_nans': 'mean', 'one_third_nans': 'bfill', 'small_nas': 'bfill', 'unclear_columns': 'drop'}",0.9448295024299722,0.7397522614516596,0.3753910220112928,-0.4785217646283175,0.7312405509926553,-1.0766789342500163,0.36431082781032853
AdaBoost,general,"{'half_nans': 'median', 'one_third_nans': 'median', 'small_nas': 'mode', 'unclear_columns': 'drop'}",0.8784965891882723,0.6249749566113956,0.7466247972608939,-0.40954226205621413,0.7430085326291704,-3.1537881175485465,0.5025215516961423
AdaBoost,ctgan,"{'half_nans': 'median', 'one_third_nans': 'mean', 'small_nas': 'ffill', 'unclear_columns': 'drop'}",-0.4136875081209319,-0.5677109699643201,-1.8923945895610403,0.09810006863707332,-1.0731252490005496,-0.16795672851558918,-0.33955353978317016
AdaBoost,ctgan,"{'half_nans': 'mean', 'one_third_nans': 'bfill', 'small_nas': 'bfill', 'unclear_columns': 'drop'}",-0.4238635948293332,-0.5791474994135464,-1.8073178791453985,0.09810006863707332,-1.0754447055253706,-0.16795672851558918,-0.33955353978317016
AdaBoost,ctgan,"{'half_nans': 'median', 'one_third_nans': 'median', 'small_nas': 'mode', 'unclear_columns': 'drop'}",-0.4130016976604991,-0.5727252329920358,-1.7911634821601758,0.09810006863707332,-1.0669451304220376,-0.16795672851558918,-0.33955353978317016
AdaBoost,noise,"{'half_nans': 'median', 'one_third_nans': 'mean', 'small_nas': 'ffill', 'unclear_columns': 'drop'}",0.8293912363475359,0.8846163766829496,0.5234897859469462,-0.34092646991111164,0.8863174982700979,-0.3148581401274182,0.5794407634666385
AdaBoost,noise,"{'half_nans': 'mean', 'one_third_nans': 'bfill', 'small_nas': 'bfill', 'unclear_columns': 'drop'}",0.8329468912255175,0.5173710220558108,0.5310517217181885,-0.42846612228028125,0.9082767997069225,-1.0087530240179516,0.5120095947120035
AdaBoost,noise,"{'half_nans': 'median', 'one_third_nans': 'median', 'small_nas': 'mode', 'unclear_columns': 'drop'}",0.757569608560813,0.8693795275033466,0.8246217626367653,-0.41899367030260803,0.8572550423172169,-3.3184059538052635,0.48745439863160833
AdaBoost,vae,"{'half_nans': 'median', 'one_third_nans': 'mean', 'small_nas': 'ffill', 'unclear_columns': 'drop'}",0.40707772341107484,0.42846529466021877,0.0011121710887379566,-0.21819247264221842,0.35611733402347934,0.983299217799703,0.4637642942161242
AdaBoost,vae,"{'half_nans': 'mean', 'one_third_nans': 'bfill', 'small_nas': 'bfill', 'unclear_columns': 'drop'}",0.4478554518343181,0.24300283346920493,-0.20731235907461176,-0.21819247264221842,0.3669404500954948,0.983299217799703,0.4637642942161242
AdaBoost,vae,"{'half_nans': 'median', 'one_third_nans': 'median', 'small_nas': 'mode', 'unclear_columns': 'drop'}",0.4168127182998884,0.39162149789580625,-0.055478249821283354,-0.21819247264221842,0.35134309119134355,0.983299217799703,0.4637642942161242
AdaBoost,copula,"{'half_nans': 'median', 'one_third_nans': 'mean', 'small_nas': 'ffill', 'unclear_columns': 'drop'}",0.5602494803084039,0.5762137655437779,0.2951435439124547,-0.3655543724021093,0.6060689353060786,-0.03346671082963826,0.8499458364145825
AdaBoost,copula,"{'half_nans': 'mean', 'one_third_nans': 'bfill', 'small_nas': 'bfill', 'unclear_columns': 'drop'}",0.5709674059973529,0.5308820744632506,0.2607100967380369,-0.3655543724021093,0.6163808771871342,-0.03346671082963826,0.8499458364145825
AdaBoost,copula,"{'half_nans': 'median', 'one_third_nans': 'median', 'small_nas': 'mode', 'unclear_columns': 'drop'}",0.5391023954572156,0.5388429297404613,0.30534740895145773,-0.3655543724021093,0.5759496543708911,-0.03346671082963826,0.8499458364145825
Bagging,general,"{'half_nans': 'median', 'one_third_nans': 'mean', 'small_nas': 'ffill', 'unclear_columns': 'drop'}",0.9467899773756601,0.6802971294882336,0.4705915854878072,-0.34500789364981,0.8410699431977912,-0.7098412435344457,0.621600122164237
Bagging,general,"{'half_nans': 'mean', 'one_third_nans': 'bfill', 'small_nas': 'bfill', 'unclear_columns': 'drop'}",0.9570742981015163,0.7072188855093692,0.3134984424705435,-0.4045190892416677,0.7897180829409245,-0.601487104461288,0.4795174760369497
Bagging,general,"{'half_nans': 'median', 'one_third_nans': 'median', 'small_nas': 'mode', 'unclear_columns': 'drop'}",0.9234021813905001,0.6494931184040347,0.718069887393143,-0.37235547311582584,0.81269063898514,-1.1863369870315985,0.5922794901354222
Bagging,ctgan,"{'half_nans': 'median', 'one_third_nans': 'mean', 'small_nas': 'ffill', 'unclear_columns': 'drop'}",-0.4600474777520891,-0.7312838031793294,-3.2897486010716586,0.7921857112197642,-1.7195251116878745,-0.9396022347160513,-0.3430136013791434
Bagging,ctgan,"{'half_nans': 'mean', 'one_third_nans': 'bfill', 'small_nas': 'bfill', 'unclear_columns': 'drop'}",-0.48814626810209916,-0.8534730354113618,-3.081958874001576,0.7921857112197642,-1.7268678879483619,-0.9396022347160513,-0.3430136013791434
Bagging,ctgan,"{'half_nans': 'median', 'one_third_nans': 'median', 'small_nas': 'mode', 'unclear_columns': 'drop'}",-0.5584560771983416,-0.6481457325979614,-3.068942291521438,0.7921857112197642,-1.7121122562787714,-0.9396022347160513,-0.3430136013791434
Bagging,noise,"{'half_nans': 'median', 'one_third_nans': 'mean', 'small_nas': 'ffill', 'unclear_columns': 'drop'}",0.826079677144181,0.8983796725792185,0.6819984212388898,-0.6609258435841565,0.9962326622368397,-2.9857731502378027,0.08329255132657887
Bagging,noise,"{'half_nans': 'mean', 'one_third_nans': 'bfill', 'small_nas': 'bfill', 'unclear_columns': 'drop'}",0.8262162045351422,-0.05474068334407023,0.4804961887513056,-0.8417697967028379,0.9977306910787911,-15.51690196079069,0.020217716463490243
Bagging,noise,"{'half_nans': 'median', 'one_third_nans': 'median', 'small_nas': 'mode', 'unclear_columns': 'drop'}",0.9335062508389166,0.9584726123451529,0.6959276266550417,-0.5176082754937938,0.9764240358510944,-16.45093470030165,0.3453644889152985
Bagging,vae,"{'half_nans': 'median', 'one_third_nans': 'mean', 'small_nas': 'ffill', 'unclear_columns': 'drop'}",0.38252895780708807,0.3509221321162532,-0.09742432995144057,-0.26468304939139276,0.32733057292350054,0.9981224423277877,0.40802610852655774
Bagging,vae,"{'half_nans': 'mean', 'one_third_nans': 'bfill', 'small_nas': 'bfill', 'unclear_columns': 'drop'}",0.4231195999876022,0.12519184313705978,-0.3098669958751503,-0.26468304939139276,0.33987487636805647,0.9981224423277877,0.40802610852655774
Bagging,vae,"{'half_nans': 'median', 'one_third_nans': 'median', 'small_nas': 'mode', 'unclear_columns': 'drop'}",0.35359175209584315,0.24035430383627765,-0.2599671559538881,-0.26468304939139276,0.31150958060815803,0.9981224423277877,0.40802610852655774
Bagging,copula,"{'half_nans': 'median', 'one_third_nans': 'mean', 'small_nas': 'ffill', 'unclear_columns': 'drop'}",0.5364086035186264,0.565776987165274,0.3481544763380259,-0.5020270167633547,0.6116373140447477,0.38316165379842215,0.9275537039889418
Bagging,copula,"{'half_nans': 'mean', 'one_third_nans': 'bfill', 'small_nas': 'bfill', 'unclear_columns': 'drop'}",0.563837823698599,0.5262135046407442,0.13367712046598634,-0.5020270167633547,0.6187133661534056,0.38316165379842215,0.9275537039889418
Bagging,copula,"{'half_nans': 'median', 'one_third_nans': 'median', 'small_nas': 'mode', 'unclear_columns': 'drop'}",0.5159468544018886,0.5047821660217473,0.10635326757249097,-0.5020270167633547,0.5823175462779038,0.38316165379842215,0.9275537039889418
SVR,general,"{'half_nans': 'median', 'one_third_nans': 'mean', 'small_nas': 'ffill', 'unclear_columns': 'drop'}",0.4754146524900458,0.508804795814485,-0.13775805603832736,-0.8361092680478104,0.6148077337023332,-11.338902686247048,0.0819626685104472
SVR,general,"{'half_nans': 'mean', 'one_third_nans': 'bfill', 'small_nas': 'bfill', 'unclear_columns': 'drop'}",0.34801511970611465,0.28845517860148995,0.2972600066829133,-0.5872703373580317,0.5100850101669298,-8.34705212463753,0.13075570298556616
SVR,general,"{'half_nans': 'median', 'one_third_nans': 'median', 'small_nas': 'mode', 'unclear_columns': 'drop'}",0.4758319218576693,0.5087421561292497,-0.1402005482262243,-0.8350341322279278,0.6145118007320107,-11.303455895494888,0.08477108554510959
SVR,ctgan,"{'half_nans': 'median', 'one_third_nans': 'mean', 'small_nas': 'ffill', 'unclear_columns': 'drop'}",-0.3230555313593839,-0.4244799741874019,-1.359418110734525,0.0043741196089345236,-0.8466607508057835,-0.015500209557783196,-0.3299675296633753
SVR,ctgan,"{'half_nans': 'mean', 'one_third_nans': 'bfill', 'small_nas': 'bfill', 'unclear_columns': 'drop'}",-0.33596751828215177,-0.4371704116306663,-1.3771863029677647,0.0043741196089345236,-0.8591268176448379,-0.015500209557783196,-0.3299675296633753
SVR,ctgan,"{'half_nans': 'median', 'one_third_nans': 'median', 'small_nas': 'mode', 'unclear_columns': 'drop'}",-0.3248294639213156,-0.4252631332261001,-1.3636224104887686,0.0043741196089345236,-0.8485267415312245,-0.015500209557783196,-0.3299675296633753
SVR,noise,"{'half_nans': 'median', 'one_third_nans': 'mean', 'small_nas': 'ffill', 'unclear_columns': 'drop'}",0.47066341183214355,0.5116216685293188,-0.3970592081635367,-1.0065012745167148,0.6501908557303919,-17.329162333145536,-0.013163977984013142
SVR,noise,"{'half_nans': 'mean', 'one_third_nans': 'bfill', 'small_nas': 'bfill', 'unclear_columns': 'drop'}",0.36857013765630087,-0.0008098946446675193,0.35635503568084326,-0.9514294727684862,0.6835651003829539,-11.813767541546403,0.12294006240475241
SVR,noise,"{'half_nans': 'median', 'one_third_nans': 'median', 'small_nas': 'mode', 'unclear_columns': 'drop'}",0.46699431177411,0.5022830269096654,-0.3848290747552576,-0.942472272045425,0.6406715825953331,-16.60556249343912,0.037909506032526186
SVR,vae,"{'half_nans': 'median', 'one_third_nans': 'mean', 'small_nas': 'ffill', 'unclear_columns': 'drop'}",0.03707514247151755,-0.20793744946341497,-0.0893356536090697,-0.21864554358997035,-0.15730795702271783,0.8340801946431258,-0.30382925319111354
SVR,vae,"{'half_nans': 'mean', 'one_third_nans': 'bfill', 'small_nas': 'bfill', 'unclear_columns': 'drop'}",0.0014374778896022455,-0.2135407613507767,-0.09516603011122249,-0.21864554358997035,-0.2034755283731613,0.8340801946431258,-0.30382925319111354
SVR,vae,"{'half_nans': 'median', 'one_third_nans': 'median', 'small_nas': 'mode', 'unclear_columns': 'drop'}",0.03686038155699978,-0.20709369159087299,-0.09722209320227138,-0.21864554358997035,-0.15810264537083896,0.8340801946431258,-0.30382925319111354
SVR,copula,"{'half_nans': 'median', 'one_third_nans': 'mean', 'small_nas': 'ffill', 'unclear_columns': 'drop'}",0.2617754462755014,0.250592652723182,-0.255023345756076,-0.3101895244045565,0.23139782940191556,-4.022724864735668,0.2749184385083109
SVR,copula,"{'half_nans': 'mean', 'one_third_nans': 'bfill', 'small_nas': 'bfill', 'unclear_columns': 'drop'}",0.16925778649616308,0.10037910029561703,-0.24104638586099525,-0.3101895244045565,0.1572984636374034,-4.022724864735668,0.2749184385083109
SVR,copula,"{'half_nans': 'median', 'one_third_nans': 'median', 'small_nas': 'mode', 'unclear_columns': 'drop'}",0.2596426831699662,0.24961418087492915,-0.2465590973540417,-0.3101895244045565,0.23010412343960396,-4.022724864735668,0.2749184385083109
KNeighbors,general,"{'half_nans': 'median', 'one_third_nans': 'mean', 'small_nas': 'ffill', 'unclear_columns': 'drop'}",0.7539836301111895,0.5897090282173758,0.17071665718038187,-0.9660730197874892,0.47111219600822185,-12.751818511029246,0.07152555083455236
KNeighbors,general,"{'half_nans': 'mean', 'one_third_nans': 'bfill', 'small_nas': 'bfill', 'unclear_columns': 'drop'}",0.8074157890058066,0.36714379641428885,-0.23392639769287205,-0.8850673075230162,0.6614963677950294,-12.676819472788369,0.08337588400759
KNeighbors,general,"{'half_nans': 'median', 'one_third_nans': 'median', 'small_nas': 'mode', 'unclear_columns': 'drop'}",0.7718448660891509,0.5733221319450956,0.14799083758380727,-0.9647993923633573,0.4712489467098415,-12.751818511029246,0.0875340464224923
KNeighbors,ctgan,"{'half_nans': 'median', 'one_third_nans': 'mean', 'small_nas': 'ffill', 'unclear_columns': 'drop'}",-1.09525296361578,-0.814291066228316,-1.2414998111027002,0.20035734729153276,-1.252102695764842,-2.8881683630087354,-0.48786117768617254
KNeighbors,ctgan,"{'half_nans': 'mean', 'one_third_nans': 'bfill', 'small_nas': 'bfill', 'unclear_columns': 'drop'}",-0.4817079670206683,-0.8294072683504083,-1.2171410635313058,0.20035734729153276,-1.4716734597824837,-2.8881683630087354,-0.48786117768617254
KNeighbors,ctgan,"{'half_nans': 'median', 'one_third_nans': 'median', 'small_nas': 'mode', 'unclear_columns': 'drop'}",-0.47340377938260536,-0.8350053424284076,-1.5248643827848882,0.20035734729153276,-1.408432394040911,-2.8881683630087354,-0.48786117768617254
KNeighbors,noise,"{'half_nans': 'median', 'one_third_nans': 'mean', 'small_nas': 'ffill', 'unclear_columns': 'drop'}",0.5160200500822174,0.5460090266258382,0.28471329330315154,-0.9026270307548936,0.908133357435412,-17.79636224691613,0.05463868448670517
KNeighbors,noise,"{'half_nans': 'mean', 'one_third_nans': 'bfill', 'small_nas': 'bfill', 'unclear_columns': 'drop'}",0.08443715544339991,-0.012400444855957815,-0.48248317158668463,-0.8717967319473334,0.8950657504242951,-17.79636224691613,0.049068630653501866
KNeighbors,noise,"{'half_nans': 'median', 'one_third_nans': 'median', 'small_nas': 'mode', 'unclear_columns': 'drop'}",0.5227956475941979,0.3709845298303882,0.28525532657175423,-0.902316611624693,0.8860629059410116,-17.79636224691613,0.09387963642479824
KNeighbors,vae,"{'half_nans': 'median', 'one_third_nans': 'mean', 'small_nas': 'ffill', 'unclear_columns': 'drop'}",-0.2993450796385275,-0.5606660078340882,-0.7645621306016785,-0.15082387491367877,-0.6723595870466073,0.9082712641459405,-0.5431939420335576
KNeighbors,vae,"{'half_nans': 'mean', 'one_third_nans': 'bfill', 'small_nas': 'bfill', 'unclear_columns': 'drop'}",-0.2993450796385275,-0.5606660078340882,-0.7711725293396765,-0.15082387491367877,-0.6723595870466073,0.9082712641459405,-0.5431939420335576
KNeighbors,vae,"{'half_nans': 'median', 'one_third_nans': 'median', 'small_nas': 'mode', 'unclear_columns': 'drop'}",-0.2993450796385275,-0.5606660078340882,-0.764562130601679,-0.15082387491367877,-0.6723595870466073,0.9082712641459405,-0.5431939420335576
KNeighbors,copula,"{'half_nans': 'median', 'one_third_nans': 'mean', 'small_nas': 'ffill', 'unclear_columns': 'drop'}",0.19713922426850494,0.13603443623275846,-0.6680600956880751,-0.3805095584513316,0.25410195176247297,-3.7564270918953806,0.43378699483621497
KNeighbors,copula,"{'half_nans': 'mean', 'one_third_nans': 'bfill', 'small_nas': 'bfill', 'unclear_columns': 'drop'}",0.28051791209830157,0.019316122296356375,-0.18426528198583259,-0.3805095584513316,0.05230108152053159,-3.7564270918953806,0.43378699483621497
KNeighbors,copula,"{'half_nans': 'median', 'one_third_nans': 'median', 'small_nas': 'mode', 'unclear_columns': 'drop'}",0.15466927247669116,0.011083112492461633,-0.753068746196778,-0.3805095584513316,0.2590457639026188,-3.7564270918953806,0.43378699483621497
MLPRegressor,general,"{'half_nans': 'median', 'one_third_nans': 'mean', 'small_nas': 'ffill', 'unclear_columns': 'drop'}",-247.07910411163977,-101.31828699963413,-608.444249123217,-150117.59005293663,-1077.580209448677,-4509.61550574857,-523.1861933012883
MLPRegressor,general,"{'half_nans': 'mean', 'one_third_nans': 'bfill', 'small_nas': 'bfill', 'unclear_columns': 'drop'}",-435.1087439768206,-237.15233213195447,-1716.2826871851878,-142894.5605089381,-1297.738540145969,-5202.496674285819,-617.3482922497053
MLPRegressor,general,"{'half_nans': 'median', 'one_third_nans': 'median', 'small_nas': 'mode', 'unclear_columns': 'drop'}",-256.88363080347534,-76.32586459791438,-670.434009976776,-146645.0526373165,-1085.5120327842637,-4853.38777302424,-622.6702398411219
MLPRegressor,ctgan,"{'half_nans': 'median', 'one_third_nans': 'mean', 'small_nas': 'ffill', 'unclear_columns': 'drop'}",-8.842063774002353,-3.19986939934524,-4.010621667480931,-3.996115276553472,-6.663347604090754,0.2381650356618371,-7.010966848956453
MLPRegressor,ctgan,"{'half_nans': 'mean', 'one_third_nans': 'bfill', 'small_nas': 'bfill', 'unclear_columns': 'drop'}",-5.384460759071241,-2.2544804504407914,-4.1014488137082115,-3.996115276553472,-4.355307410102405,0.2381650356618371,-7.010966848956453
MLPRegressor,ctgan,"{'half_nans': 'median', 'one_third_nans': 'median', 'small_nas': 'mode', 'unclear_columns': 'drop'}",-5.157251896209161,-1.59083697253344,-3.532173942001836,-3.996115276553472,-6.204653251765894,0.2381650356618371,-7.010966848956453
MLPRegressor,noise,"{'half_nans': 'median', 'one_third_nans': 'mean', 'small_nas': 'ffill', 'unclear_columns': 'drop'}",-0.3110802610000347,-0.5588756013578877,-46.04266403712803,-181.8877490208362,-0.6298115788369527,0.8504831694320045,-1.6383744750106826
MLPRegressor,noise,"{'half_nans': 'mean', 'one_third_nans': 'bfill', 'small_nas': 'bfill', 'unclear_columns': 'drop'}",-8.182169629250827,-29.617812245505572,-2.7810675215400997,-732.5924449285332,0.13286187567848518,-1.124300307472363,-5.117267064888228
MLPRegressor,noise,"{'half_nans': 'median', 'one_third_nans': 'median', 'small_nas': 'mode', 'unclear_columns': 'drop'}",-0.27467465847757544,0.4581234018276874,-9.074898242428855,-102.7848465181988,0.03468631678038303,0.8643909541270577,-1.6390797834213542
MLPRegressor,vae,"{'half_nans': 'median', 'one_third_nans': 'mean', 'small_nas': 'ffill', 'unclear_columns': 'drop'}",-127.65572990649613,-98.28766318018836,-536.984026431357,-1165.8214394214974,-166.33650445084555,-42.512589620238664,-173.93304053956268
MLPRegressor,vae,"{'half_nans': 'mean', 'one_third_nans': 'bfill', 'small_nas': 'bfill', 'unclear_columns': 'drop'}",-144.9503825050033,-197.49491434439386,-1122.1016082462352,-1165.8214394214974,-173.5281300283142,-42.512589620238664,-173.93304053956268
MLPRegressor,vae,"{'half_nans': 'median', 'one_third_nans': 'median', 'small_nas': 'mode', 'unclear_columns': 'drop'}",-51.88911019571157,-23.45108931238521,-276.39149528016526,-1165.8214394214974,-78.99586167463458,-42.512589620238664,-173.93304053956268
MLPRegressor,copula,"{'half_nans': 'median', 'one_third_nans': 'mean', 'small_nas': 'ffill', 'unclear_columns': 'drop'}",-2.9254619332749643,-1.5812870304822173,-82.45174675130066,-560.1796474644026,-8.398895069552067,-64.00651552233977,-3.999167874938234
MLPRegressor,copula,"{'half_nans': 'mean', 'one_third_nans': 'bfill', 'small_nas': 'bfill', 'unclear_columns': 'drop'}",-6.195097225777506,-14.882527915914183,-38.120595875005414,-560.1796474644026,-9.493562391793546,-64.00651552233977,-3.999167874938234
MLPRegressor,copula,"{'half_nans': 'median', 'one_third_nans': 'median', 'small_nas': 'mode', 'unclear_columns': 'drop'}",-3.0209468319927932,-1.5573505057908235,-32.10573028167113,-560.1796474644026,-7.874498165227735,-64.00651552233977,-3.999167874938234
BayesianRidge,general,"{'half_nans': 'median', 'one_third_nans': 'mean', 'small_nas': 'ffill', 'unclear_columns': 'drop'}",0.7857387686207711,0.6508189382358454,0.537026979976661,-0.7473122866340844,0.7169397742099587,-1.5020106749799518,0.6079873036444001
BayesianRidge,general,"{'half_nans': 'mean', 'one_third_nans': 'bfill', 'small_nas': 'bfill', 'unclear_columns': 'drop'}",0.7118131573566411,0.560001836515385,0.5180038959592773,-0.7750660299403045,0.7585791021915427,-0.9394128509348445,0.665030812984209
BayesianRidge,general,"{'half_nans': 'median', 'one_third_nans': 'median', 'small_nas': 'mode', 'unclear_columns': 'drop'}",0.6342794665973825,0.6163441766565435,0.5206348602102981,-0.5230119621206317,0.7025596230639932,-2.2282806784621854,0.6319956600733801
BayesianRidge,ctgan,"{'half_nans': 'median', 'one_third_nans': 'mean', 'small_nas': 'ffill', 'unclear_columns': 'drop'}",-0.237935892625309,-0.3169460356069498,-1.1199708015164176,0.009347850483380049,-0.6868839329987781,0.0852080503003797,-0.18754837052159545
BayesianRidge,ctgan,"{'half_nans': 'mean', 'one_third_nans': 'bfill', 'small_nas': 'bfill', 'unclear_columns': 'drop'}",-0.23767200560091184,-0.346056363637921,-1.1751167579611437,0.009347850483380049,-0.6922685266549329,0.0852080503003797,-0.18754837052159545
BayesianRidge,ctgan,"{'half_nans': 'median', 'one_third_nans': 'median', 'small_nas': 'mode', 'unclear_columns': 'drop'}",-0.24146341702220164,-0.3231427639378286,-1.1386558133572366,0.009347850483380049,-0.6954208598720957,0.0852080503003797,-0.18754837052159545
BayesianRidge,noise,"{'half_nans': 'median', 'one_third_nans': 'mean', 'small_nas': 'ffill', 'unclear_columns': 'drop'}",0.6716283333070765,0.6244667557680159,0.5531298084939327,-0.7217348748685759,0.7740516553812857,-0.01766513315350493,0.6871383554417532
BayesianRidge,noise,"{'half_nans': 'mean', 'one_third_nans': 'bfill', 'small_nas': 'bfill', 'unclear_columns': 'drop'}",0.6940126976526306,0.48368259068071473,0.39683339938487927,-0.7109151052605849,0.778835064996095,-0.4358483408123468,0.6583001314150487
BayesianRidge,noise,"{'half_nans': 'median', 'one_third_nans': 'median', 'small_nas': 'mode', 'unclear_columns': 'drop'}",0.676928410999653,0.6300908241446397,0.6610121435529133,-0.43543878732546615,0.766160880606962,-0.496629366109856,0.1536120404775997
BayesianRidge,vae,"{'half_nans': 'median', 'one_third_nans': 'mean', 'small_nas': 'ffill', 'unclear_columns': 'drop'}",-0.05816409375522924,-0.3069178113670772,-0.7648929194325851,-4.8758172867552245,-0.3962838082649367,0.9965288403261539,-0.16747785597866605
BayesianRidge,vae,"{'half_nans': 'mean', 'one_third_nans': 'bfill', 'small_nas': 'bfill', 'unclear_columns': 'drop'}",-0.10685330840100904,-0.3117012596820359,-1.0235130560040901,-4.8758172867552245,-0.42685551377235376,0.9965288403261539,-0.16747785597866605
BayesianRidge,vae,"{'half_nans': 'median', 'one_third_nans': 'median', 'small_nas': 'mode', 'unclear_columns': 'drop'}",-3.3194928631942515,-0.30371869995564715,-4.625198988756823,-4.8758172867552245,-1.237171142433413,0.9965288403261539,-0.16747785597866605
BayesianRidge,copula,"{'half_nans': 'median', 'one_third_nans': 'mean', 'small_nas': 'ffill', 'unclear_columns': 'drop'}",0.656471198265749,0.5786775061043321,0.505638986372394,-0.7705546173002746,0.7490834106543183,0.08777156329859814,0.6991777021181138
BayesianRidge,copula,"{'half_nans': 'mean', 'one_third_nans': 'bfill', 'small_nas': 'bfill', 'unclear_columns': 'drop'}",0.6700666538163724,0.3953212630273917,0.11754357428881879,-0.7705546173002746,0.7320517263920514,0.08777156329859814,0.6991777021181138
BayesianRidge,copula,"{'half_nans': 'median', 'one_third_nans': 'median', 'small_nas': 'mode', 'unclear_columns': 'drop'}",0.5929032702118436,0.6019150984510542,0.4368961201180903,-0.7705546173002746,0.7154623106644135,0.08777156329859814,0.6991777021181138
XGBoost,general,"{'half_nans': 'median', 'one_third_nans': 'mean', 'small_nas': 'ffill', 'unclear_columns': 'drop'}",0.9988454289164883,0.5896976846790591,0.3820424421797026,-0.38671051516453026,0.7932344117444813,-1.1887693008904665,0.48156460803009715
XGBoost,general,"{'half_nans': 'mean', 'one_third_nans': 'bfill', 'small_nas': 'bfill', 'unclear_columns': 'drop'}",0.9992893289895848,0.7904008061950963,0.33548901840436096,-0.4278969783273301,0.7824659324240377,-0.6174625777118554,0.39258398989371535
XGBoost,general,"{'half_nans': 'median', 'one_third_nans': 'median', 'small_nas': 'mode', 'unclear_columns': 'drop'}",0.9770152811933087,0.5634960164431244,0.44129472557055227,-0.34876146500347094,0.8071729754474397,-1.078070408847759,0.5583360513153334
XGBoost,ctgan,"{'half_nans': 'median', 'one_third_nans': 'mean', 'small_nas': 'ffill', 'unclear_columns': 'drop'}",-0.4854857541036033,-0.7530306844152712,-3.3489908676013487,0.6250108803894728,-1.205631931254303,-0.050723133498012496,-0.5925813809925322
XGBoost,ctgan,"{'half_nans': 'mean', 'one_third_nans': 'bfill', 'small_nas': 'bfill', 'unclear_columns': 'drop'}",-0.47989328546138577,-0.5905537233857547,-2.8789197103579647,0.6250108803894728,-1.280619507550408,-0.050723133498012496,-0.5925813809925322
XGBoost,ctgan,"{'half_nans': 'median', 'one_third_nans': 'median', 'small_nas': 'mode', 'unclear_columns': 'drop'}",-0.5498541509580215,-0.7134273189270268,-2.974046581558078,0.6250108803894728,-1.2003861804949483,-0.050723133498012496,-0.5925813809925322
XGBoost,noise,"{'half_nans': 'median', 'one_third_nans': 'mean', 'small_nas': 'ffill', 'unclear_columns': 'drop'}",0.9449652460498154,0.9879067980638483,0.6265243732883317,-0.5600692534554457,0.9879492951071833,-2.534798637553981,0.4262138929324182
XGBoost,noise,"{'half_nans': 'mean', 'one_third_nans': 'bfill', 'small_nas': 'bfill', 'unclear_columns': 'drop'}",0.906104585644183,0.6508276307369703,0.4931665685578328,-0.4751120792039858,0.9924831558861029,-4.409068062399368,0.39944440220309274
XGBoost,noise,"{'half_nans': 'median', 'one_third_nans': 'median', 'small_nas': 'mode', 'unclear_columns': 'drop'}",0.9277650074112432,0.989285239071342,0.9112518045055418,-0.4219606532784739,0.9681195930762516,-2.741662371414267,0.4473616937338676
XGBoost,vae,"{'half_nans': 'median', 'one_third_nans': 'mean', 'small_nas': 'ffill', 'unclear_columns': 'drop'}",0.48053584536919225,0.5209436083796753,0.1445186006437007,-0.31764554952675694,0.4716301425585868,0.9997675023083511,0.49052914100837053
XGBoost,vae,"{'half_nans': 'mean', 'one_third_nans': 'bfill', 'small_nas': 'bfill', 'unclear_columns': 'drop'}",0.5074870513564897,0.2858542080148908,-0.09484877552861071,-0.31764554952675694,0.47936234253939525,0.9997675023083511,0.49052914100837053
XGBoost,vae,"{'half_nans': 'median', 'one_third_nans': 'median', 'small_nas': 'mode', 'unclear_columns': 'drop'}",0.4720810292152078,0.4335283270644932,-0.0920753172302129,-0.31764554952675694,0.4622941524171117,0.9997675023083511,0.49052914100837053
XGBoost,copula,"{'half_nans': 'median', 'one_third_nans': 'mean', 'small_nas': 'ffill', 'unclear_columns': 'drop'}",0.5527455599290472,0.4982903104354035,0.2762908274226732,-0.39897200189590354,0.5394132659503861,0.6340491524215786,0.9981041712155154
XGBoost,copula,"{'half_nans': 'mean', 'one_third_nans': 'bfill', 'small_nas': 'bfill', 'unclear_columns': 'drop'}",0.5804927298786207,0.436042859373299,0.131134550401534,-0.39897200189590354,0.5605056192441369,0.6340491524215786,0.9981041712155154
XGBoost,copula,"{'half_nans': 'median', 'one_third_nans': 'median', 'small_nas': 'mode', 'unclear_columns': 'drop'}",0.5311122221906335,0.3880737559590618,0.26743888504052593,-0.39897200189590354,0.506544953108752,0.6340491524215786,0.9981041712155154
LightGBM,general,"{'half_nans': 'median', 'one_third_nans': 'mean', 'small_nas': 'ffill', 'unclear_columns': 'drop'}",0.9893476655614805,0.6931916007736396,0.41844612594330355,-0.44928624125631855,0.7245635568891828,0.048054086997269096,0.33634486105601025
LightGBM,general,"{'half_nans': 'mean', 'one_third_nans': 'bfill', 'small_nas': 'bfill', 'unclear_columns': 'drop'}",0.9858416314975118,0.7417684321794892,0.47448046051344384,-0.43954784004666636,0.742002962696402,-1.0400807876245683,0.44783330717756376
LightGBM,general,"{'half_nans': 'median', 'one_third_nans': 'median', 'small_nas': 'mode', 'unclear_columns': 'drop'}",0.9622004936254797,0.618804057095967,0.4486864096451544,-0.3526219512986286,0.7771581254764227,0.3159966446473612,0.5374048857144871
LightGBM,ctgan,"{'half_nans': 'median', 'one_third_nans': 'mean', 'small_nas': 'ffill', 'unclear_columns': 'drop'}",-0.5056622128852022,-0.8509299113511593,-3.154480861072061,0.9879788012036094,-1.1494900417596376,-1.6745373340536784,-0.4631504567627931
LightGBM,ctgan,"{'half_nans': 'mean', 'one_third_nans': 'bfill', 'small_nas': 'bfill', 'unclear_columns': 'drop'}",-0.4361684799446801,-0.8292318937680814,-2.691939839895283,0.9879788012036094,-1.0850796389063802,-1.6745373340536784,-0.4631504567627931
LightGBM,ctgan,"{'half_nans': 'median', 'one_third_nans': 'median', 'small_nas': 'mode', 'unclear_columns': 'drop'}",-0.4656696269763241,-0.786971182858637,-2.7933154743336965,0.9879788012036094,-1.1055106734174651,-1.6745373340536784,-0.4631504567627931
LightGBM,noise,"{'half_nans': 'median', 'one_third_nans': 'mean', 'small_nas': 'ffill', 'unclear_columns': 'drop'}",0.9573466402942786,0.9470692593432747,0.5446454474960234,-0.5946315285998176,0.996561344087364,-2.069221533391253,0.2776751616833322
LightGBM,noise,"{'half_nans': 'mean', 'one_third_nans': 'bfill', 'small_nas': 'bfill', 'unclear_columns': 'drop'}",0.8791836604545554,0.23133208315748255,0.62526642687016,-0.6663277658530529,0.9966398807237842,-8.285678546782197,0.12634022737545003
LightGBM,noise,"{'half_nans': 'median', 'one_third_nans': 'median', 'small_nas': 'mode', 'unclear_columns': 'drop'}",0.5316530537914811,0.9805657619063811,0.7308645377336261,-0.5655043075640165,0.9761535323250414,-11.613964136944455,0.367693952991074
LightGBM,vae,"{'half_nans': 'median', 'one_third_nans': 'mean', 'small_nas': 'ffill', 'unclear_columns': 'drop'}",0.4279513680873309,0.43703681307404785,-0.04222701849289345,-0.33211750546649044,0.38431273367567065,0.9976281198242889,0.43393436601873214
LightGBM,vae,"{'half_nans': 'mean', 'one_third_nans': 'bfill', 'small_nas': 'bfill', 'unclear_columns': 'drop'}",0.4549678932289586,0.1475036879871202,-0.2948648550922739,-0.33211750546649044,0.39973043508626194,0.9976281198242889,0.43393436601873214
LightGBM,vae,"{'half_nans': 'median', 'one_third_nans': 'median', 'small_nas': 'mode', 'unclear_columns': 'drop'}",0.3892902002091738,0.29077480133001066,-0.34804007017791894,-0.33211750546649044,0.37425724007944505,0.9976281198242889,0.43393436601873214
LightGBM,copula,"{'half_nans': 'median', 'one_third_nans': 'mean', 'small_nas': 'ffill', 'unclear_columns': 'drop'}",0.526446629053146,0.49306153296143984,0.12619628721622012,-0.4138430464325522,0.4830251380788021,0.3564082463089736,0.9939868630019022
LightGBM,copula,"{'half_nans': 'mean', 'one_third_nans': 'bfill', 'small_nas': 'bfill', 'unclear_columns': 'drop'}",0.5312613713250349,0.3975116751912555,0.028141102033836463,-0.4138430464325522,0.5015530239259349,0.3564082463089736,0.9939868630019022
LightGBM,copula,"{'half_nans': 'median', 'one_third_nans': 'median', 'small_nas': 'mode', 'unclear_columns': 'drop'}",0.478099574981782,0.49604603921079327,0.11324378097218457,-0.4138430464325522,0.4527301848473101,0.3564082463089736,0.9939868630019022
