happiness_score,gdp_per_capita,social_support,healthy_life_expectancy,freedom_to_make_life_choices,generosity,perceptions_of_corruption,Marriage,Divorce,Actual,Percent,rank,IQ,education_expenditure,avg_income,avg_temp,HDI Rank (2021),Year,Expected Years of Schooling,year,beef,pig,poultry,sheep,Unnamed: 0,TIME,LITRES/CAPITA,avg_temp_c,latitude,longitude,altitude
5.89240608633821,1.5205601595625,0.933968574217464,0.3429232178639032,0.7194099845897314,0.019953269923276767,0.09370923916304903,5.277741402376501,1.6287282147389768,4.196315962664364,35.91422567558287,82.37646589421432,77.9094707059839,387.52566876515635,9249.307740743547,27.708367365882808,129.37655205679744,2021.0,12.060004232280434,2023.0,13.128454016411766,13.530390533369106,27.593423300672704,0.8801721193788465,34.91346939977016,2019.0,7.793111310691379,18.332848261695336,-16.957508229869084,-54.33624889531992,0.0
3.5915938526218056,1.2024422966177717,0.9858544649035877,0.35745939172225627,0.26313650424988144,0.10917516466085903,0.06984202218179969,5.662188338166043,1.6302655366050351,3.654500274611463,29.84908306595717,56.57289921063176,85.11017550643659,-185.87107594997224,680.7929561224518,23.042682351021334,116.28845925586803,2021.0,9.869597250532218,2023.0,-1.7510307431556673,9.174403105303796,3.9521126273935208,0.6015660109445192,25.264404980611893,2019.0,10.647428251416704,9.03577689590918,54.554086543888786,133.8930156720501,0.0
5.143223634531694,1.553268610577311,1.1076414663718648,0.45807407861166444,0.37178038979416633,0.05571500685864957,0.06990217808305965,6.118512776718617,1.5236216849018933,4.238170603181782,32.647673392312385,96.41928405629017,77.42308127765386,-287.9402787416508,532.0405203081681,35.18090333288568,103.51321138983906,2021.0,13.310202115690108,2023.0,11.880773652559828,-1.3859054856114386,25.170213128132303,1.8279321190595204,34.56680969918866,2019.0,5.91887057884267,28.95618978305408,7.42287165631983,34.55500332860943,0.0
6.347506126935939,1.540761316334011,1.2791997044061012,0.4733157816149165,0.5183929122846284,0.23800786578644303,0.18623624712248374,3.322506921518896,1.752925163143429,1.7685588554795744,47.31257098780097,42.15990273934352,89.05198789996345,705.4559598817154,7632.3073531550635,14.047652066178689,33.99545650124409,2021.0,18.4550521533315,2023.0,7.142878185983413,10.847105253068749,25.549422955891092,1.2516224137627694,22.42665296382312,2019.0,7.110125408754631,9.86800504399477,32.981203129612744,57.53331428120462,0.0
3.5628453869587298,0.6124985278872876,0.5146276731307944,0.06947661578916714,0.4798223923071381,0.16713241067680262,0.01079901030231271,4.9661438179874136,1.483092582499022,3.8162089976756906,34.17110286935102,76.62588757489965,81.02385982384818,21.730344150106852,3023.626839865215,34.99236399994171,172.19478325660626,2021.0,9.960115182026554,2023.0,8.606525858882753,7.86616785690751,31.19919661147451,0.47213016458024165,26.59039246540004,2019.0,4.6746701101368044,28.34910643762577,-35.54070675271222,74.79909738894669,0.0
4.494194902935358,0.5112591762677204,0.6202167841526353,0.13240299829589433,0.4654518225916035,0.31994344066269814,0.13491864824018043,6.4897017761670535,2.5215069624893065,2.75106458134249,48.234748459520105,44.58274572316921,87.13499190254944,822.1380461254328,15283.612829196145,25.031283775645072,172.45568297258856,2021.0,10.709138317983628,2023.0,10.449684994345347,8.809900205176167,20.725444903693784,1.903629060278683,18.32023246275855,2019.0,5.956033377531424,27.514257807191218,23.183169024652187,58.37818268348989,0.0
5.976944379741171,1.6221635865475617,1.1914650875346129,0.4766197287212571,0.760915439272646,0.15670012228186217,0.12059403095745269,4.121692692573962,2.247815017669536,2.5916999193620955,49.992769733569084,-4.595233179495533,225.35040592303807,1365.6801105374354,28604.280926599604,13.071368941802364,39.94343166950636,2021.0,15.672783252639654,2023.0,7.1107677808266425,10.846207563197373,24.462248406799628,0.5833465923408232,20.739074168256302,2019.0,7.009685673352449,22.6312690382217,25.902707621642172,11.56897555943753,0.0
6.783103481592107,1.7467124846121131,1.4224387787423869,0.5287679954325097,0.589283308354093,0.09596550757714417,0.10746505747146053,3.692450173633006,1.7500237016354554,2.2944417799147554,37.62393829447753,20.15423948658757,97.41528873807137,503.10633060421264,7648.0048141247635,16.61349581727664,40.78918372505302,2021.0,16.041553011136383,2023.0,10.931879739768956,12.345066151733086,28.900867408159478,1.3461175089909045,22.72064458971853,2019.0,7.227328511276803,15.288209105769402,37.02940672731437,-1.4856163204322463,0.0
3.5804866589792956,0.5444540253651419,0.4581180045030257,0.03619172692260541,0.25377294625721064,0.1159354497346621,0.19672854666401854,6.697011468605258,1.648996009636367,5.733766038601621,23.77905529499656,83.22836418171882,79.52055390823718,443.77764105264384,3189.861575317626,31.579736650356736,181.8541432478382,2021.0,8.425916250055863,2023.0,7.682126231280067,6.06114002166764,23.52536134412994,2.817814197866503,23.268363922560674,2019.0,8.922411230994282,28.773042548042188,41.81890324928038,3.830048448970466,0.0
5.402209961854428,1.8202368768868473,1.1837553265805698,0.554927380865984,0.6500204157920457,0.14632180443171053,0.12170620874857638,5.2027346379424335,1.3370113108011314,4.602294147728714,26.063839584502734,53.36067136555632,88.16040543766732,14.608310292550431,2846.8454612480546,20.687496598573514,30.883241316938694,2021.0,15.468821645625114,2023.0,13.128616178322588,23.879224190929364,25.36322318375024,2.0583421807330144,25.580237510265032,2019.0,9.938694185757628,19.507199613296986,44.58478126418653,7.568454120062801,0.0
3.7544658468752563,0.6619228632748949,0.8152157856890175,0.045128152387015924,0.48783216977719135,0.19330351977725513,0.03070444394120194,6.298290273589576,1.403455983351389,5.9417387435956845,14.612161970135745,75.98853006006685,81.18935294845937,-1.1641098792541171,2090.406683368504,28.536168168683893,205.61225041750504,2021.0,6.077581442147158,2023.0,9.409967383610573,8.753195797910621,24.470241900533498,1.9329511971144369,31.076110179530975,2019.0,7.378567696312124,26.44378613710041,6.445445214886858,46.79090440066826,0.0
6.45353045693754,1.6414980520340337,1.421032654896463,0.45623333704820285,0.6198777964677681,0.13790347317884874,0.17872580083688738,5.230592832178584,1.9648480791262033,1.687658302195371,43.21764376320171,36.96913664763217,89.48960659350463,337.3141803695767,6094.022114600371,24.14428717073112,51.1988816043225,2021.0,12.686149576145429,2023.0,14.042207281268599,9.768682402931509,22.06576433887686,2.491286693549252,12.47107299534421,2019.0,11.42047863014489,11.830154792358545,71.80355509240788,61.73399426032814,0.0
6.055712904693999,1.4637520025693584,1.2997752679254295,0.42902672025368405,0.7209713493016454,0.09291281412688515,0.2359051158536644,4.264409583597403,1.6198997045927304,3.4539776041012,35.49763007468337,26.208154720838785,92.90581098742558,1022.7835809382883,19649.274358538652,12.780483025441509,71.99574085015624,2021.0,15.166148998254005,2023.0,11.951687193940847,12.57052201163555,25.131609627694978,1.8952728259621663,19.99768869107988,2019.0,8.215394123923625,14.755466824439294,29.524296278456195,11.137479558312421,0.0
5.460192192641299,1.4434669744366098,1.2597570823045943,0.49263819432755196,0.5010788350018581,0.16886639256439148,0.0496691737798904,4.984190340321292,1.33388331265033,4.726713955624135,24.41075448284261,46.11233739043203,89.22191393026138,237.38109977275306,15668.992013498006,18.59902660055399,71.16408664737851,2021.0,16.941984077230416,2023.0,12.409724283073405,12.497462639259721,26.442687242546633,0.9323361444550697,21.292477927333493,2019.0,4.2418970082988565,8.357218707346338,31.2129786670495,21.324244327178338,0.0
6.513406664542279,1.7824031817051733,1.3826102434819103,0.5135232415672712,0.5999838692250191,0.11004014660032041,0.12313649140655526,3.5803880538389774,1.5954766928969306,3.166218061770256,35.90692304020429,35.97127424419324,88.65367445741028,836.675247508339,11011.12298221412,23.514056071999317,18.26049410280971,2021.0,18.366704488247745,2023.0,12.75963763351391,9.949887280873758,49.77021612276695,0.921800803416926,31.113664894581103,2019.0,5.800031174803983,22.523578573049143,30.05575877047219,-42.137741499860894,0.0
5.14604127685107,1.2582351485182262,0.8210390455596973,0.15795275892259864,0.3945118467058153,0.16323067877626388,0.05771983351466181,6.263314378044488,1.7129112301089822,5.0967523714582414,30.75303227455916,53.710009570408324,84.69944730926954,599.5196066510086,5829.035711894313,25.296860665675606,135.0093368215534,2021.0,10.095285240660232,2023.0,9.450245569489784,9.976977921195886,20.345883462403798,1.2347573635397322,17.480998605373973,2019.0,6.416067054257954,29.08189914545202,13.68165230398364,24.525949207381373,0.0
4.461652316225113,1.1246481981097713,0.6190887941811888,0.1304923722185869,0.5885316610779122,0.08768119970922046,0.16738810839602744,6.36068511409906,0.9239687569633478,8.249832501975307,6.086512371699191,85.72136996599812,78.55340716855649,-152.09231159128356,5449.528700972454,33.19587270269829,172.77300246996654,2021.0,7.666350595356903,2023.0,8.947349430107902,8.658190216001003,27.81397138570243,0.8515047454447773,28.744195678094883,2019.0,8.503857401094047,26.72714427983611,-11.585770867793936,26.91454061829196,0.0
4.306746536454231,1.2203528786875146,1.005385094284734,0.4502388132017987,0.38947194656309364,0.05296795162755892,0.025334899785167158,2.7686212222559066,1.4111812684298382,2.1583302049044426,51.069986621860735,47.73082970868468,89.22059387180651,-150.57786723961837,2131.3276448427614,22.671016223787632,119.36215300308737,2021.0,14.11566267322045,2023.0,10.616883726917395,9.129032825421513,25.857876782780522,0.6423616384267405,31.812722717627572,2019.0,7.317265640601409,19.054324633583192,-11.430692301492574,40.55684032444922,0.0
6.807459537771186,1.447195368278163,1.5746840583596597,0.3994885672080344,0.7425309534432704,0.4117066657898042,0.17618174442580603,4.75584734978301,1.4460895690696616,3.5856556421297627,25.9841567513979,50.40033206512674,87.66505707368621,247.04744130111206,4704.971584810327,26.068766537386306,27.272615697970846,2021.0,18.465652605437985,2023.0,17.959716991425783,22.08573089146508,31.42901999271928,0.8155428369823844,20.586180635815744,2019.0,5.550211885417956,5.955643319630675,-15.896373781979364,45.87634373920339,0.0
6.0408349223459386,1.273610360633668,1.4139975489736585,0.44857421554835597,0.6514798529851739,0.08356085478801743,0.04215618835865596,5.837800286386797,2.740761217028368,1.0786873028330846,56.30117407540853,42.16808560095191,90.12539025893291,924.6938586218629,9156.074794053553,17.25071374689481,42.538685247222936,2021.0,14.725245904306448,2023.0,10.047736483208212,9.243390143793402,24.057656937320218,1.5718732105473174,14.143617004358564,2019.0,10.813470639947806,17.374945568456162,64.35230043784601,-12.898035149365377,0.0
5.233020686022258,1.5617432169793095,1.1183766371295154,0.4045442550807306,0.4005867516576784,0.21149814494313232,0.3926013948348332,6.858415387276551,1.993658511236701,3.7825542537667354,33.39736928095664,35.77025839791939,90.15788711335601,1303.8423490462292,15052.584979499119,21.495883941638816,123.27082673736793,2021.0,11.929975430489538,2023.0,14.004929770209959,9.759381683493302,28.013552295698204,1.4935967381203754,9.438229492884272,2019.0,9.480003194433705,25.400545622541642,55.76369828694592,0.47367901135073337,0.0
3.541132007497541,0.9261027635745556,0.4468346024110092,0.20671040724856465,-0.008370759167016077,0.23773426222468316,0.038118727061972175,6.783316038181787,1.553383660191809,5.3077196252297405,31.704160769206606,105.6954371753374,63.09884903750611,-183.5755821913971,525.8801105004834,36.33239624632171,192.56462516908672,2021.0,10.262751006933618,2023.0,9.103687324856555,2.3774642202140273,24.945583365566975,2.13465969803179,20.97969059706649,2019.0,7.002804178471951,28.68094273863826,8.685569230585704,93.22499727281222,0.0
6.774803109243146,2.032583149888551,1.5023486475680354,0.6057224326124442,0.5147692906704271,0.18444414876615953,0.10874507375929368,7.358039431800691,1.349101761652195,7.775552589907642,12.951802248520968,16.298358034325865,103.15946676357152,919.4901418769347,21748.96752899164,15.655819737916941,-2.957213070198133,2021.0,19.644254937796457,2023.0,20.37160872383121,9.026847956023023,39.32315547144086,2.912225745791589,26.987262125446268,2019.0,7.770601360125696,8.585154435740245,31.04728632483635,54.75049067086951,0.0
7.523813643370954,2.1964120098594213,1.6165027751071421,0.7855207636756351,0.7091126964564319,0.09742361662331048,0.20632493460846638,5.451562158051865,1.654918294355583,3.202334095763846,33.317536978330054,-0.006370931688340387,165.85251356113287,3564.003652200316,83330.17501629601,8.033825504180754,-51.1824517721072,2021.0,23.311105891550973,2023.0,21.98581206952614,12.175474242199538,33.30137071330783,3.2978596318297844,28.077886786489078,2019.0,7.8473865753544105,13.382167433384968,58.35151738788407,-22.409988632778962,0.0
4.714460959472142,1.06210851127935,0.8177932233823063,0.3459140269933191,0.48637896324925634,0.11293034832838893,0.1821464512508314,5.767387586980673,1.6402792050512656,4.2987936858346325,32.19207718772151,41.85045157527516,88.3367981945736,1033.8542983688812,36938.84068194493,27.287061484357718,114.469413335051,2021.0,12.479674226055103,2023.0,12.30087029113468,10.446130009554166,27.6706279922802,3.0206182031644726,19.29067883207199,2019.0,8.160823484018737,27.901932034546096,20.83548191822055,29.19913511038148,0.0
6.154449741882291,1.5940060869311163,1.4800749386761898,0.31301703392034563,0.5024457358149272,0.23275273999727758,0.008516730505045098,3.6647440839256453,1.5301366892051225,2.5268744307470277,36.05338038770658,65.96622538574883,84.869854005617,789.507643916477,12807.646518932388,12.821037341780334,65.82825068631323,2021.0,14.369911561778014,2023.0,13.629551103432636,8.529416441938839,23.9599118374881,2.659616011582788,32.22613838616223,2019.0,9.43382365920829,18.27560244437573,49.23791924821843,-26.73611604921032,0.0
5.982726926872372,1.5062124903107905,1.3607455736550658,0.3428461659326231,0.48716171562677385,0.1516417319023039,0.17289904558887925,5.279528517777113,2.5604735241682883,1.1027103205554807,62.879367937572866,27.22026625890509,92.77237876449381,2091.239653168771,18950.971299704175,21.1058123263561,58.16862248810328,2021.0,13.265274607262214,2023.0,13.679917685036957,12.228974746999926,14.1341411558932,2.6420875724885975,20.864595327172264,2019.0,11.471936932616256,25.73577846894166,35.67382418094098,39.05407588234809,0.0
4.482565894837444,0.9677908706978683,0.9861358305245644,0.3473553197493423,0.5696137404521777,0.14500831014005322,0.06227631746092926,4.269341446025354,0.09981738494030488,9.227793949978377,7.745410152437022,105.04682334926626,51.930752705641694,175.10101966102033,2175.645258250301,38.146649943981785,151.0341315498277,2021.0,10.72642029049974,2023.0,5.626352654463038,9.044157429709328,10.34153344890916,1.0787671419369629,37.77701546270517,2019.0,5.165180191949019,28.56182892312857,5.096539188116781,6.606651247870403,0.0
4.498806690270657,1.3556936549796226,0.8913457378600164,0.41922188995708665,0.5606205924203052,0.13270890223684037,0.17301014628550693,5.211045466251941,1.6484024064934286,3.714084899104597,38.881814506132294,46.392029660882685,89.14200052500729,110.36292572231389,2946.777755475824,27.439201229532188,120.50604867713658,2021.0,10.830902738368474,2023.0,10.786172711125259,10.325698919848433,48.2246355087449,0.9617745900120634,27.91590496934,2019.0,7.197066593629892,19.679355746383983,7.379297464305043,37.12965859474688,0.0
3.8527376338258845,1.11300865164827,0.9284941523768796,0.25406551151053697,0.42215488390371886,0.1437880896456603,0.0646724106987031,2.0934932245296616,1.8690402130251877,1.2572691250721648,88.58171888486946,46.64743522529572,89.17215655289353,194.71208446253007,3530.91375754588,25.733775613666303,157.03899568765846,2021.0,11.947011322507233,2023.0,10.643581447894865,10.45721311240643,27.74979591583083,0.6031525407730531,29.181454805345663,2019.0,6.614116935558062,25.670656078180944,-10.829317318097871,2.3336006051845963,0.0
5.278370034607055,1.1243260138045061,0.7621839359845243,0.5240990364582598,0.4429629238802882,0.19379465021151165,0.25906266017335144,4.265785992586987,1.5509501378401496,2.8309151034333864,40.77443546018803,25.9910411698037,90.95770823239313,3741.5183093677347,75048.67371577618,24.222896407985612,77.36336584241346,2021.0,15.06382905694953,2023.0,13.073558070806968,9.92248967918293,29.16735155354002,1.8426955134754048,12.67493590749576,2019.0,6.952949473015717,25.21874107208312,47.042727832817164,24.014768974647122,0.0
5.066498973224939,0.8396156127713501,0.9875239378925874,0.13715166666247364,0.6245385367039252,0.2642828470440315,0.3035232339204591,3.9902098543325724,1.7601644254132183,3.3253373951695515,40.23392289842312,45.351141217792104,89.61588858798679,830.5642664475469,11780.411467908994,22.587748341868778,153.26909159939004,2021.0,13.369453516972415,2023.0,9.768855698207814,11.703645783097526,20.126240512532103,3.191356812502481,11.634774700780707,2019.0,8.816816196058296,23.819503567540508,-6.316794804602094,152.66703760308405,0.0
3.682859093650826,0.9670596950320748,0.8037557095491887,0.3673558363127187,0.38423202750007107,0.19208521614873447,0.06764732036816958,4.223915509812865,1.8713561110378358,1.9677324720194662,67.80810324539,15.350002814521183,98.16787284326323,462.49383414491837,8985.979989802894,21.362054422706006,113.99816594875116,2021.0,13.39013460621426,2023.0,12.465529987368436,18.595526150715163,28.082659584177897,1.2398298281244278,22.817760529664803,2019.0,8.086107592196216,24.197028751543787,1.6308393343486998,15.008712848148042,0.0
6.250307796127028,1.1561742738108247,1.4483222202211699,0.507277872453628,0.5664646849730666,0.12903385920384172,0.06213581923656268,4.304758115306712,1.5883756195510552,2.669486879447418,35.68756634113537,19.426952968232627,93.7675888028818,1103.4266013252222,21929.625436608163,11.073521605895603,40.06253712145214,2021.0,17.135708138702938,2023.0,11.184590927755579,10.482784290363535,23.77618834229482,2.449475744889983,20.576456701591194,2019.0,5.732766289417817,9.723649339213377,24.621057683048264,24.489351572120427,0.0
4.5820637304868095,0.8524353932831594,1.0357089315052386,0.03918763292473482,0.4029226008521335,0.12100107084566052,0.22031394619610334,6.495839943442381,1.7920295036356892,4.413941693166023,32.21268321790053,57.03048947688768,85.41441320137851,242.32519061416804,6489.574893697566,15.86068041697128,156.62051936912334,2021.0,10.498816864700553,2023.0,15.37084807727101,11.988933890161755,22.439618647281556,2.0636220734327453,19.778411768193443,2019.0,10.216206095941976,15.434148142461954,17.04475803431073,22.470265626238934,0.0
6.977157738741225,1.209874090277765,1.4061270152784073,0.2602259040388368,0.4982451144413639,0.17674217858641228,0.2709497616342381,3.2851320691588333,1.7981499152183467,0.773991895943551,59.2600936882291,69.39949833205297,81.51818260240093,1037.9576843752511,18243.32833616643,33.428106575701705,79.189723392006,2021.0,15.360382303529539,2023.0,12.591070924464875,19.578858217398754,27.432894288359694,0.8142872712547352,14.416472176314716,2019.0,8.680851833611774,23.71423663802744,26.198027878678772,-14.87614217291427,0.0
5.778365010637387,1.0045784449453532,1.216497935280216,0.30356913605555863,0.39076253185622944,0.3524694997214448,0.2057760267485481,4.405211299133641,1.9171640160091754,2.949665949211773,39.68408845014558,53.8899063925135,85.7850089686447,557.7086039010176,5365.759747436086,22.06019713347763,102.13950983381064,2021.0,13.620660797829501,2023.0,11.185021964854046,10.459130317932187,25.913433495645258,1.1169189358829106,21.679488167438432,2019.0,8.745740839642517,20.113314412801824,24.681516010082873,-65.74334829302055,0.0
5.586295365187984,1.7273079977024393,1.0463184702647195,0.5484559057856282,0.4285136400448281,0.12265643933549632,0.07166467822529081,5.660764857827355,1.3149976138307418,4.549263864269224,18.21140841585326,60.87852469135349,84.94701152449095,742.6238252593898,16383.801503336625,24.53929064227744,22.975492795764254,2021.0,15.764947320395223,2023.0,14.824644276919038,11.49340021889289,28.407739202458206,1.9760323488823186,21.819432656446235,2019.0,9.022233763359425,16.064866534553172,19.37265013072992,24.53782027954302,0.0
4.438630028664034,1.6472670771836064,1.011395521629746,0.31024269778068786,0.47544326252197167,0.17174841429552634,0.12526562344233622,3.7103296853607164,1.9674788762346938,2.422865510905511,85.32675631766828,67.96863592776543,83.58940226844466,167.7781928396984,7871.304665092681,26.458262803362455,123.19330751784284,2021.0,14.159569512587442,2023.0,12.85894873892368,11.5186236772802,28.812073880019557,2.320793612679047,21.053006915515756,2019.0,8.8209649263979,21.910205506135302,29.163112497635737,32.109778630422994,0.0
6.094958311435503,1.5600674388331295,1.1737042102932722,0.5183126913272971,0.5466803425208505,0.10801807009824921,0.10515837844800265,4.199298647838693,1.2547396944317952,3.9302416552561406,32.040089456159045,31.34466597015518,93.02404032746763,2058.080488417793,28955.431017830684,29.177855674115268,64.35943563928636,2021.0,16.611928102789175,2023.0,13.577594322715907,11.614409519217853,66.32756344800227,2.2768083018413288,20.48826222130652,2019.0,9.745180321749231,28.780638372279153,-24.421337908337055,11.917655941382836,0.0
7.316026268707072,1.5406387568326003,1.5231589200465043,0.47463183615999693,0.7354830389144439,0.28788326600116176,0.20522346734728183,5.642606289511274,1.7738254802832787,3.784424466063902,30.17973754715614,56.62512358357581,86.84961105535858,519.9314674929689,6794.494639471952,25.305406189625348,33.08363582658686,2021.0,15.952352378540171,2023.0,0.5323801671196621,3.5101819085495833,4.065142424916837,1.7924767105592236,24.60336441011306,2019.0,6.622203417803946,14.41775531444305,45.269027416508266,88.34222279517832,0.0
4.584366529424386,1.4577793360511122,0.9826273838290893,0.15125102162282344,0.6681223873066212,0.13449498744591035,0.09101540929992193,5.506594262512358,1.1486303043341626,8.016904202793478,11.995091413359837,70.73906798552851,80.85002878417407,759.7538124120093,31572.562849752914,21.503248117868097,120.77381215035058,2021.0,10.299249065168139,2023.0,11.226563447653792,7.862568392701704,5.7620470507974435,1.8483046664529987,26.166877405439532,2019.0,10.001855042093009,11.817016189238922,10.899920437176823,131.4056577290254,0.0
3.8939309748775965,0.644641154718435,-0.012731930735007896,0.009588745438687998,0.5983510824092935,0.1941155164272479,0.05658183965643681,5.802460554293979,1.3511398996119977,5.951580767703628,26.18374930024371,114.1409054797986,48.8264574046407,-531.0019209955116,425.27037706410823,37.58278733143537,203.16298851072983,2021.0,6.51403952130189,2023.0,0.21706591822276686,-0.7661445271916983,12.70262393142157,0.5171971543217666,31.233151874659182,2019.0,3.9984773701855034,30.013258936395935,-17.567540189688604,28.07437731574832,0.0
4.352158456599963,0.7992765668096149,0.8634017212040297,0.27325383469464876,0.6282166337893206,0.03965717982663097,0.05429135767944522,7.117990454978188,1.2153249480595312,8.229174660436675,16.89969444911355,78.32019390672204,79.64714326609705,-11.994595223993402,2692.01858834136,32.75209099595327,151.15681859716523,2021.0,11.635101514939324,2023.0,10.67346487205353,9.266932997379675,23.267509433748234,1.500584114491521,33.21745764929373,2019.0,8.485083120873524,28.96229604996987,-10.547496269911944,-4.671503001270772,0.0
4.896101019433594,0.9124805916975232,0.9019032536197936,0.055600794728405775,0.4902901451959065,0.08556130701179271,0.2762613083140378,4.9852135144413685,1.6713693872342616,3.0258637480855066,37.61298457084976,46.96887079024375,87.25851335682931,678.299072834682,15623.343628859386,23.047129553869926,168.84492141651273,2021.0,12.44073658864518,2023.0,14.255772726480652,22.818968876661586,33.14658975033853,1.103058453480406,19.286716224887588,2019.0,8.361488709960764,18.008359515378203,-0.9887772434393807,-3.530929166545032,0.0
4.100792840265819,0.9540477952686819,0.8650771713843347,0.1883807732840097,0.582925924066504,0.14743247584084845,0.06715310098472448,1.9867285109764379,1.0489509659164997,3.1077539464131965,36.30214777948873,65.3421037459634,82.49616915547989,-20.591232508321024,1806.024579996798,34.7457787716046,172.19454955031225,2021.0,8.701487369320256,2023.0,8.206702508349709,11.027249350965558,-3.3022832205194477,0.46372523556889195,15.871657899614947,2019.0,5.269250489536744,28.477518427182673,-21.40966836517316,53.032720101928284,0.0
5.661129333804512,1.3935550389015985,1.2919930840230878,0.3928691633339804,0.588144672976128,0.08006296714856458,0.056401270535957664,5.778871441899687,1.9592270207189453,3.4192985709545973,37.91228673189179,32.91826940672301,90.50206241393363,780.2860682735334,12492.489300902052,16.28765091196177,117.05085998410466,2021.0,12.951993342465808,2023.0,8.901927213047655,9.048593721377031,25.633607475042563,0.7793054442996515,35.43903340813808,2019.0,8.394726982162528,12.266218555924619,28.013453239186035,28.16766717772602,0.0
6.29500859800384,1.7386181618702135,1.474433569556567,0.520599475789507,0.25151843349047637,0.06228048523287895,0.01774671829643685,5.343955161955842,1.5637274243513943,3.5523670768105013,33.059661868248895,56.54902143442794,85.99826432113069,190.93373415891463,5288.140486336976,28.418006608510023,60.88965834434262,2021.0,15.209044213626271,2023.0,10.331793544558154,5.700263639417932,22.39703059032165,1.9422034863753623,38.500018884395814,2019.0,8.823868113034376,15.118275017568935,33.60144094721994,37.20919473527023,0.0
3.2835707430948755,1.2733045664845248,0.4543916487378762,0.19882701416177687,0.353505115691154,0.11073052868045048,0.12243753901074049,5.802346306988457,1.9951904327526013,3.404350217568001,37.30160010980301,73.70601415049833,81.43073908531373,-257.1423126570767,470.769195155223,24.85565008729563,176.788110315985,2021.0,9.881756958368726,2023.0,2.939054312886769,9.297481305129088,23.164411402314215,0.5916104024343541,33.46936475767624,2019.0,9.242425364542319,9.844442526782949,45.22590755957484,85.62068000872418,0.0
7.094649065380835,1.2846041473160084,1.3436084221873257,0.4402113038801142,0.5014493656564799,0.2886156377310334,0.13201697643142937,5.771082686324473,1.0945226396290664,5.0811830967867175,21.297307182566247,76.23269073872038,81.9795569721371,447.2214273785701,2151.4111951503005,26.163295756878842,77.41300952279718,2021.0,14.810004838906716,2023.0,23.7453419087704,10.516656652597304,28.571234804991292,3.4533754809856005,30.691657158589948,2019.0,8.533971227727216,20.63892621047677,38.22509831000528,-28.06416134497358,0.0
3.073371709105405,1.007211556363608,0.7880249270456716,0.3724852466852611,0.4793719653117464,0.17674541770166127,0.10215840368439068,5.650524504461231,1.4295706448179335,4.153748155167391,29.899021336011625,53.22693077795894,87.15613727673465,-106.76364345214961,2206.82802026897,25.513394362308805,131.44521957471622,2021.0,12.43319073473974,2023.0,8.539944298078867,-0.07794462037708697,25.769247340550976,2.5313222608062302,36.261173647203826,2019.0,7.232107251401381,24.38684308932145,30.298201215278034,54.40356453109904,0.0
7.480805356641616,1.9773117761685335,1.5650130139341503,0.5550255219354066,0.7577477113370545,0.2350090113688387,0.20657386756845114,5.4800965109258115,1.743298044555634,3.6653613273376773,26.87487744401001,29.236060101520476,92.08233201090532,1147.084362924471,19613.9139556125,25.027293290864666,5.156101620236125,2021.0,17.260818338727415,2023.0,11.76019222380244,10.021728636664253,35.02640406443804,3.0764629826929837,7.093427616789261,2019.0,9.152910326377693,13.341437894852127,71.41005324204492,81.46757285371872,0.0
6.620594981602084,1.6363915730690826,1.4349831610759445,0.41300365631615477,0.35642080321552266,0.08248330644461471,0.028534201559754595,6.126537588548075,1.398242826186002,5.51843768577349,15.803961000381944,53.34965330226853,86.64409125691084,730.117952002571,20057.847245265326,14.415144029292168,31.525911990772446,2021.0,15.63535433868404,2023.0,13.320217180445189,13.574154264150799,28.937897985550705,0.9329925760098878,16.42103565557492,2019.0,9.712731549031854,6.630915321788387,43.7610896958567,-17.02465152870255,0.0
4.709745799558701,1.4920570658545267,0.7179710535807217,0.27963167285643337,0.6220789604082665,0.1654979499947326,0.23553332981192418,6.270760296444738,1.7442670139176597,4.508287000256013,29.60209002554804,55.32070966560232,84.29184531960007,1008.8684876165951,21938.034677333937,21.29355520881462,71.99907199375663,2021.0,13.906374298888425,2023.0,10.866348262385753,11.103319683826083,26.745754547440786,0.9159751409590005,23.6141770698947,2019.0,8.575998667197588,18.588410818887183,31.007084868104442,31.044170586146226,0.0
5.805148763638138,1.6530040230183616,1.5544370453207865,0.4815323313896958,0.21093319723571047,0.17740150557419798,0.11189254701188743,5.777141868706238,2.071606981069186,2.8637179956176673,37.38957039855071,25.58769237007452,94.16694456858573,802.8634481808092,11942.077193725003,21.797712131890083,39.21230053005832,2021.0,17.703592149848028,2023.0,12.521028802829461,9.934581246353687,24.314206605694547,2.80261624705994,18.84339583395473,2019.0,6.906624875725729,18.451522520457154,37.00510685123104,34.34572411850105,0.0
5.866018046264355,1.731700161986683,1.3132943634686258,0.49726760658189256,0.08720753898735958,0.14891926483272852,0.1587735559411874,5.232893234043472,1.8636344741275468,3.909801154765419,29.16380338110066,18.484587489221337,95.74687993594857,3610.775151163753,71157.91470356933,3.920776525189404,62.112001699665804,2021.0,13.996827040274303,2023.0,12.789345977546215,7.225609084606121,23.82244210624004,3.456318823535341,25.67577625492353,2019.0,8.916467549515536,5.802032846564266,47.463851299095715,11.378142041922962,0.0
6.345553709938003,1.914042183522569,1.532087334473059,0.49420466515088307,0.4996129035902706,0.2510834021864896,0.2373766223280635,5.807723185897977,1.9856023306475943,3.143758358817503,37.382647285726485,41.356205809327015,89.57878594515063,676.2506592160377,4437.274089567158,21.307998299667922,23.939166597595623,2021.0,16.21495308414732,2023.0,22.12137189774414,10.312797021717222,24.280222864234194,4.209838090341629,26.083301359345416,2019.0,9.881186680693814,12.349099651968642,24.266609722316375,155.14041146690892,0.0
3.480297532379236,0.5284261514347708,0.2601155958763059,0.09428552285098354,0.5697310752375226,0.20375809833037561,0.476531141053893,6.120019326779648,1.5956341023115943,5.750030941305524,18.55564346378346,68.12170430643086,83.29593891073858,135.5613683148305,1123.5540131265827,33.71112053081493,127.19348822922935,2021.0,13.596621522809906,2023.0,15.043900873460093,11.083568839484656,30.702507069273643,3.0450109417329827,23.29078332416403,2019.0,8.14256664864644,28.55303333646071,-14.091539829698744,74.63314633677466,0.0
6.735643508700437,1.5938686500211552,1.39075274544567,0.4916622792507817,0.7034259498189815,0.32781974000943914,0.2032786887965671,4.412988441267288,1.9473529931248998,1.6863505506232364,47.32536829537064,18.489773488729703,93.53616003125283,1090.2663520482727,8837.323676068945,16.621774207132077,83.01417185770457,2021.0,14.089471918891297,2023.0,10.96693354081539,15.124626264736353,22.537032238398375,0.9223426955792017,11.369914595939731,2019.0,8.912576171850494,21.04460830148158,56.04017991047526,36.99202541172494,0.0
6.8934306894964585,1.7504592324927883,1.5141485331981595,0.41412074670938237,0.7460945450570885,0.042135854180369865,0.49598479363879644,5.434013171075144,1.586929643265096,3.6173591778418266,33.40545265792405,15.927432856210041,97.61451210112789,1063.3164397133899,35759.72782584779,11.340878657422508,29.662079826224748,2021.0,18.301791327664052,2023.0,18.793638278672802,10.354872571343956,51.955301690578146,2.156709236385905,30.718124375786314,2019.0,7.278595046128883,12.241676913044726,-10.097912297001693,-2.5633989098667516,0.0
6.9803510788661365,1.9617653759724545,1.5743932161292717,0.6362562889553094,0.5545387132488212,0.05032048777602914,0.015927930078664703,5.506626357159136,1.7676968200150318,2.379630290964762,35.22970062515513,-6.2610921806162665,228.78536092560313,801.0102262199524,35420.57858938752,4.344869536586147,5.801690789070977,2021.0,18.940591329464183,2023.0,13.826335910546954,12.21684086558502,32.95169290811272,1.3905764589571816,27.72841739193361,2019.0,9.870124291690036,2.971492646817343,47.20213459682814,-69.79969754286476,0.0
5.359979656731145,0.8978469973562527,1.0120139782911641,0.21962040215926132,0.504695833193042,0.1958251679739354,0.027636644375184573,5.704558483465407,1.2020454851617994,7.216189308789149,6.427672048838224,65.92452216063126,83.62098303398561,144.2200401707047,3710.8213990852355,31.107648388888,148.26734207234375,2021.0,9.568374546823305,2023.0,13.235102445667676,12.107050390576394,30.312204781459652,0.8106764983183645,31.016319486449095,2019.0,7.896170327773134,26.41218988022694,8.236889251656688,-160.55031668131787,0.0
3.223167055894605,0.7887839607775319,0.3242334660403666,0.19383557444142926,0.14311572764154054,0.009301829076110277,0.0658863189900613,6.295270019798844,1.2051635996062182,8.228471263103218,11.337781539914888,113.05780039314845,17.579829243758248,96.81583434937431,2282.459481298246,34.95149778415725,177.72162916242675,2021.0,13.399909152813729,2023.0,10.371664689035317,10.132436883748817,23.284664106025588,1.729485484199651,31.16137507458635,2019.0,5.425528368731744,23.574960904934617,-21.195417732654043,24.091117518367277,0.0
7.2120597561993485,2.0882827139537574,1.5351176256251375,0.6278605176537075,0.6349859473144448,0.12124058180739383,0.29864525349082627,4.0047203494691095,1.698999896934345,3.16290092107184,34.389729695951374,1.1188314884093333,133.07232306596092,3387.030674697369,63409.549480391106,8.15201831687163,-17.421196886940717,2021.0,20.45251775033042,2023.0,11.524053049697665,11.367343762766527,37.79917425775592,1.6174701573832322,14.3676258576625,2019.0,8.759635194895996,11.624806815884703,37.72444851602709,33.418280589692024,0.0
4.749713439609633,1.1476354523703503,1.3423420092895222,0.3719104593094432,0.31233760014503015,0.05845578806387084,0.07004200641049331,7.4863098384304125,0.9811706617154038,13.650476039348877,4.631075756111153,86.28138770667881,81.24599964301423,-113.99478597864346,2351.790436700525,31.071052859776135,113.57293367828912,2021.0,15.482251632684182,2023.0,12.081747867273874,11.055543999873796,30.724155093808715,2.303343029919209,37.59146293596415,2019.0,6.856550378692995,25.301897621673415,-26.395781382245325,6.511008978606197,0.0
5.86570360972808,1.2480671209036411,1.1669698019355452,0.4657524597937524,0.6162747567313992,0.2926080358388887,0.17119659857489247,4.457296095980679,1.521911607838024,4.380362773411402,29.889352651944126,58.74280355432396,85.23515933007798,710.3439825508191,7524.30621621284,32.173790796362894,123.31462282023504,2021.0,10.96072746814847,2023.0,8.178144027912282,12.769529617000412,22.19276462802093,0.4933325883210044,14.109688062403311,2019.0,6.181532357421648,26.703974440320348,-24.88973118067518,-4.957238072855578,0.0
5.6506657433953125,1.5702200401289372,1.2598047784757083,0.4313356741953091,0.5956879897336911,0.24393593568456484,0.16980352164369553,7.217773369886027,2.1083191319540115,3.6626443621299445,34.458172765603045,46.20010992026257,88.6393251333356,238.60991983742204,8083.477133735096,19.73646932591272,40.46915917294603,2021.0,18.03221141172462,2023.0,13.130581973940624,8.322730992704043,25.547735567175547,2.689510677765805,15.12468299227485,2019.0,7.093078444397602,3.4321591943806062,45.61131207090369,72.3728236238581,0.0
6.306680970451234,1.9613004791540076,1.3400495415836755,0.6245865913404828,0.6102833310471784,0.1696646336450838,0.21136244915550925,5.280158923020774,1.8756071688764122,2.7234575109383585,42.53678993059292,40.36314624989588,89.54837855936937,829.081408724194,14840.213880731715,22.667199157809026,58.91341308915603,2021.0,13.659550221250573,2023.0,13.863256288666584,10.362659656313369,15.519349124549844,2.3587022347707864,14.580326393078742,2019.0,10.761647379007638,16.5220680811954,41.67285772414678,11.143955852791718,0.0
5.015674579563885,0.5103247988260377,0.740754959644852,0.03107883738162082,0.5643336576587091,0.25993630067678214,0.083354626465202,5.608855592931486,1.5715230884158624,4.577968617188469,24.469955976255374,89.68822079158305,74.46308164131442,-64.49815993461802,1508.7830137984236,38.20825400799318,174.4440436488394,2021.0,10.056827296239465,2023.0,1.3837104945713339,8.176024701852029,22.717036214828262,0.9209367264334384,22.9766862638279,2019.0,3.78493193720186,29.667355324091677,-32.52731026708033,60.73291962244308,0.0
4.816545950863772,0.4886505018740738,0.28109284434103404,0.06396820798701972,0.6989979500926317,0.4416406966933112,0.13264586051456084,5.73198453824683,1.45722157540065,6.497335808039834,22.47480575769958,61.97804398414286,83.23942147764235,405.67970479228455,9154.50769312616,35.93451277553452,192.0527791314083,2021.0,8.223050716620268,2023.0,8.475572424690201,9.118713015757969,28.563463634402936,1.3842330226482271,15.998404619435732,2019.0,5.425853636301802,29.798988419847692,-36.77436559468524,64.26903502176526,0.0
4.430512597103369,0.7819850630683532,0.9238574243000005,0.22345457036614205,0.09169285062439557,0.38437268976713285,0.07907511038541068,8.02526375589814,1.9847003117847597,3.951319382074705,35.75733043828871,82.34398122256508,75.85677357989232,500.1956552326261,3205.078835565829,20.553129333724904,149.2062639158468,2021.0,11.395367999955281,2023.0,10.588593408755449,10.919894398087186,18.2564534536902,0.6161103722756958,18.977121892093756,2019.0,9.192384991796708,18.042256622910543,62.01859353668552,12.976391704103445,0.0
5.867374042778638,1.4624172148014718,1.3701784527453995,0.2753851799613287,0.5652719209174552,0.18719513687294836,0.11173105571233401,3.444757284006159,1.6334749403808417,2.915174720295051,38.87256192646853,65.41447784342085,85.21103687604601,507.31555166640226,2831.6665626592217,18.420439254116197,102.54625744146584,2021.0,15.095692976686005,2023.0,11.334023044764427,11.579519993007379,28.10176763785796,0.7057651186799003,21.44072789349388,2019.0,7.03465959924169,16.633393203236732,27.61474223040102,-0.8222101310292688,0.0
6.887407762047318,1.922120771422138,1.4207154611047514,0.5039429171448392,0.6615120210168426,0.13948185573833288,0.2774433518424756,6.379357860468503,1.3744340924580833,5.787510581240054,21.03115446178827,54.332121628128604,86.75531257944002,739.4901489750772,18910.19713716421,25.66958723241825,22.42249643860622,2021.0,16.353322835201315,2023.0,10.555398182997937,6.838165058860911,23.710349972530295,2.2395928215836984,21.817116634294205,2019.0,8.937408176115712,17.207566150372767,45.52092244043364,56.795032671035855,0.0
5.935921306622814,1.093629244054542,1.26557015523434,0.3728849778649677,0.30590509535809685,0.1260594869489466,0.0882500046397644,4.707633202444124,1.4678548109376819,2.6263993619345802,37.72547686629925,43.22224675666261,89.11568385744637,873.646873564853,54679.427869194114,20.07201844673334,63.37123135832232,2021.0,16.609823383452458,2023.0,10.614331866218736,10.19846764577316,49.11498029260563,2.7354745749527627,30.133767305413887,2019.0,8.73086574608683,11.839711126284527,-13.309590287187202,15.103319028261739,0.0
3.010144410014019,0.6402578405736149,0.2357216797825703,0.04981384582157206,0.21568145524227356,0.1070475234208809,0.042213462769860405,5.57702834204832,1.447870060213173,4.253567856719022,28.481562226073194,98.24811157116287,66.60150080952033,366.50427026449745,7394.441992404292,26.960933948486492,182.31841423411592,2021.0,8.95365247502641,2023.0,13.400896155492925,9.006756351000142,26.47895738145576,2.1532045891161053,26.45660429108401,2019.0,9.119541927154524,28.64267059071247,9.274394099395524,-39.0198553987289,0.0
4.103388221694866,1.2486210499005512,1.0990280570212616,0.12192509589719512,0.4073608296477466,0.043207924896055114,0.05211434859133017,4.602319041327476,1.4004776392043303,3.8804241906223638,30.57830453038677,87.86477021170505,76.35481823865335,160.7514243954306,3320.3078281391363,26.187115425113937,143.70915866496438,2021.0,11.553263592922635,2023.0,11.039045475959774,11.043796708883146,22.07120701994265,0.6320317821773717,22.594066738182708,2019.0,10.367727116122829,17.44176782990374,-31.897153179286136,2.822487476652768,0.0
5.888349644576993,1.2970413170234958,1.3816062788861563,0.40867233966974587,0.6131177078915365,0.17156002285846383,0.10199353806537663,6.347784061077788,1.6804425019767495,3.6551097652863502,33.05306291922467,40.69235248587762,88.874562269588,1628.2572904929175,25528.393566081526,21.04379112687314,33.08283478145198,2021.0,14.924630060339522,2023.0,10.882413403255818,12.661783577643353,19.63596078211542,1.7268810995590944,9.346546704858655,2019.0,10.846193622899433,14.2743950198057,65.09032749566745,-5.744908353498036,0.0
4.90046740563408,1.4307926279512917,1.107635999595296,0.22003538984789525,0.7239689451478851,0.09848635212889309,0.21066595030738056,6.182465264953909,1.2147436126446263,5.064149191416439,17.03302688098818,54.826752647450945,85.20315243660819,737.4361397886041,15360.724366219341,29.980491415570235,92.45505321851608,2021.0,11.66613533009133,2023.0,11.63278123552488,11.39907471985176,20.27912779614362,0.7081318072665345,20.261887049895975,2019.0,7.6545657730520205,22.57790118369937,23.801364478563727,70.64300023461509,0.0
7.034313478735411,1.4634633640975296,1.455980649280905,0.5034874054966123,0.6876421453507692,0.13744067922878467,0.32300353030319373,3.2131633138480633,1.392865232783524,3.1949778162662015,37.66328500515987,51.14020209920437,87.4541879289651,633.1241908803686,8548.212965810875,24.70905157133408,97.80156903274623,2021.0,11.971883819237789,2023.0,14.995409838288337,15.752252879651065,20.102210320559653,1.278136133955457,21.62995402080518,2019.0,7.420779659206425,27.010435875596386,30.142105674927773,-103.64573937386562,0.0
5.252180065354474,1.1655077236653624,1.010813474847593,0.3937008706134483,0.43178055286402106,0.1240024219181146,0.1837410449521942,6.285008727475516,1.589368028561499,4.188777578319179,26.333110151555235,56.86435489782343,86.22058398909974,461.9062980366314,12014.418308744547,30.129509656549804,67.90338498137761,2021.0,15.444487213356625,2023.0,41.044117764852324,15.221928778550097,40.86201855388519,3.9979575106071157,30.024431414379407,2019.0,8.576958652641899,25.55868234264328,22.84146198192545,25.845643664642576,0.0
4.766373374297773,1.0707148007469467,0.9986334289190993,0.11791785557725443,0.738305385491848,0.17923091159155,0.035968999049773576,4.400660040694949,1.3228353375399478,3.7849577733401976,35.63894643635001,77.52609125379693,82.40284016514988,63.27968612299825,565.1655998786076,34.011002806207806,160.8603469405112,2021.0,7.561087310435967,2023.0,-1.9842906128329034,9.326336267693284,3.4250055463895164,0.6772784639572025,29.54227266036112,2019.0,8.338623777669543,29.76472919503948,-3.0344174032823945,34.403948451729775,0.0
6.456295117630906,2.061447015792207,1.415001156337465,0.5884516636110125,0.5833489398187374,0.17006828915403313,0.4343965783310403,5.606296182326429,1.7820860230565838,3.4513473299166724,33.65376838854507,42.95246235620444,88.61104472911167,1518.3327909187317,26462.937132858107,23.07940223669501,13.64791915575557,2021.0,16.62775246151304,2023.0,10.845177854800424,8.442553422277395,22.712284051699143,1.8057205301434458,30.872572719939765,2019.0,9.200962247103249,23.82171529043854,30.324366672824276,24.36942700372392,0.0
4.085957940745094,0.7593797185185074,0.7207823129754551,0.045783522935766534,0.5419730894506379,0.05168039190355569,0.09956571864127645,4.771185347978267,1.4395618840833455,3.981799758389147,32.486322596708,71.21944411545991,81.08067827885122,375.3192230323114,5198.536111113961,25.241850644530356,176.62864572011358,2021.0,11.719589633792696,2023.0,12.859843731697882,10.549830278285373,26.35575225597987,0.6633214414177613,26.96372316754423,2019.0,8.76441326178414,27.299915261985966,-19.166170244041805,-43.26448429525471,0.0
6.47437488777291,1.7858014824959045,1.3154279202203205,0.5289920008622848,0.6388532515986122,0.09075582240977279,0.501150083549522,5.18519119836722,2.0537298953245333,2.4517190986165547,41.78903915556637,4.95589322547428,121.07239664861703,3444.7675242540263,56597.93582979804,11.529714449225235,14.445502339081067,2021.0,18.647665931920354,2023.0,15.907492689951034,10.450613089529531,38.60311151856694,3.1161767106335363,14.225536052994276,2019.0,8.44563536005163,15.337474347351035,47.13911444086612,19.883300025615778,0.0
5.649451838321985,1.6141715189087873,1.4020532813437834,0.5229002651860718,0.6104084448362641,0.070866122183242,0.10495065567926014,6.689820608989883,1.5499696357118535,4.201675884491163,19.887925320189645,48.68238046504306,87.83504333889769,664.425639164235,14695.377972341192,23.296581098665712,42.67945188537251,2021.0,13.98115192769205,2023.0,10.887872848401246,8.972161268311098,22.321449621795402,1.0012352788542602,25.90150050769514,2019.0,9.707207271560911,19.577629690793245,32.26163914297772,82.17428425186912,0.0
5.037040161071453,1.4568917692847954,1.1534584620020387,0.3690635368577451,0.5382626931694807,0.358040184801305,0.04962549180424012,11.452144147703414,1.9815262825158795,4.596220490493386,31.12017971634615,55.177379271855294,86.05134056333031,49.1626147363071,2673.813720587042,21.941151990389265,138.33701849087623,2021.0,9.753491002195087,2023.0,9.577595909804792,11.04650505584138,24.046285169126154,1.9876593495869317,32.71242684524865,2019.0,4.700307600734197,14.089104065730028,17.666841322355864,73.41202383824158,0.0
4.6103368794787345,0.7782495819214873,1.0441633609896006,0.13503876689639635,0.3787439030711681,0.2738716624221713,0.16441653744747406,6.087437047244447,1.6297790025945436,4.457549240537627,25.705355025749466,64.96563954332908,82.73542588224879,617.0151089619254,5258.968179737134,29.602298172198253,138.96314085270492,2021.0,11.203363573835011,2023.0,15.162725202423703,13.32293575989256,26.45828416211577,3.812672813085347,27.39011070278823,2019.0,7.964289191891201,26.101443415218128,-17.162208562157822,40.878432189473585,0.0
3.6642321242957383,0.6452540292726513,1.035761959411585,0.11897543248742694,0.4009267988023563,0.1524578124578061,0.08893341623238986,4.93765333244212,1.5901203239450006,3.032532230919038,38.508448400277565,89.45389210716098,78.74689985326515,-376.50377999910506,862.6513844147233,32.860286015602796,173.31826249310316,2021.0,9.980236297895042,2023.0,11.98508689150071,9.18939424720138,29.84806227622085,1.0372250403994874,36.195860380639914,2019.0,8.70841363875689,27.837864711989223,-42.30525667222392,-31.212110421218846,0.0
5.576810098994454,1.2337576229669562,1.1406173642628825,0.3490982896353569,0.7643897878585685,0.13963664106460952,0.28610888349851454,5.487368931499296,1.4211866446770003,5.967968752557364,28.179945972522123,55.526457438434655,85.63892895239516,770.6965317674958,6148.7814842653215,27.516059360377277,140.34656864369194,2021.0,12.001363043784329,2023.0,12.608142360759958,10.41911710289003,7.235384548973751,2.0503086428740707,23.778374279468995,2019.0,8.510888891372495,26.24111754156459,-32.609816944528895,31.792531826794587,0.0
6.0227920724323845,1.567315427964166,1.2468102742117988,0.30856858406081383,0.6144253358021328,0.11817436260187744,0.23240197959277475,5.447306847223676,2.1316550128760627,3.2265489523886095,41.375209500386475,44.86051217766277,87.9099191576518,2666.176491233729,32970.43963399607,22.546946126993813,91.22156420584473,2021.0,14.948464927201497,2023.0,12.216474816476909,8.357275536574589,30.25093929877534,1.8444959532782532,37.518624358346955,2019.0,6.109408612731099,21.84471452286478,-25.677526981923616,16.648295712899547,0.0
5.291742756475546,1.5850362011747352,1.1224327212722354,0.46443381237427944,0.49313050206644005,-0.03655845796394139,0.1804560989305837,5.91914292540957,1.451233163787658,4.255544256272956,31.169788224345712,52.705787738021144,86.9066082364465,605.3736528745351,12265.505930018351,25.776283136773348,114.65480167937655,2021.0,12.109052630480328,2023.0,15.078468417165634,13.420813295395126,23.712686985210407,1.6586474083022658,23.78340737105184,2019.0,8.945123741088926,27.172002114554687,6.788860959142498,6.050256890264038,0.0
7.403572755586389,1.9333144519035879,1.4932594940536337,0.617946076317833,0.5593859193467977,0.1760136913362642,0.4327928489449286,5.019047968657136,2.5951088223443604,0.7761324576340227,68.74693370260486,36.802217898382416,90.40170646602947,1120.7945617702283,14974.343311196531,11.806650891606719,19.421845165608865,2021.0,18.361577356738618,2023.0,13.956199254169496,11.031169102570933,15.614776786421382,2.1320644160469704,18.435647344221003,2019.0,6.572691825960649,8.668687188026787,62.30421589731053,-9.862210249756336,0.0
4.119354204118999,0.7846099047428134,0.9169789085719984,0.06394243960846496,0.5304255872177805,0.23950862115192467,0.007826843115398918,5.97293604077081,2.079842907204791,3.1924016112285933,42.94165771666197,82.2064368613069,81.40207161487254,-375.7207559977112,626.2522716242878,27.516818291281627,177.83645047539216,2021.0,9.408010504950113,2023.0,2.0679990212468518,0.7100600968233004,3.853888485401513,1.5892796703153869,35.579574790593796,2019.0,6.229302638976272,26.054835085319336,-8.864489554010893,50.85321694907726,0.0
5.419790902925871,1.369403978788856,1.2628205785840367,0.4065581630876701,0.5376065382829736,0.20579077417092326,0.1630844378746511,2.119303934283011,1.7270431804027386,1.6800253756323964,51.78610717962479,58.9991593223804,84.36095059539163,290.23579120703926,3754.881628938165,23.83101434651893,83.68783419482747,2021.0,13.356348476914754,2023.0,4.1387317611323295,9.55212462228495,22.400869184361003,0.6526669670071259,22.55811862325091,2019.0,6.987597675965437,19.392494242422334,28.70819009149568,13.649405195704034,0.0
5.940859931927194,2.079649184289551,1.3132199913905356,0.6137079006452935,0.619434327544412,0.07610534523801021,0.11295128737693193,5.263716193623062,1.501330251605074,3.8503634936698394,27.836378514965812,34.41530085163918,90.81125488633302,1430.1436735305952,40556.26715939814,24.411791784413182,3.320768870994258,2021.0,16.57351843156032,2023.0,9.512047548560547,9.951619771308266,26.434845393640465,2.1047438637813927,25.81674499332744,2019.0,7.515521206379355,17.26429386973137,53.64160663643916,114.23880861794908,0.0
7.492276162031066,1.9161224960351098,1.5598241191604696,0.49355790929089244,0.7256072407996733,0.22610864337010084,0.17850785524664645,4.91521782171751,0.9454367727291932,5.661307683228959,14.622619251975493,52.99695951636736,86.14184942146903,2134.4260685865606,18779.332361797093,26.280739683120952,60.493701261889576,2021.0,13.648505374763154,2023.0,12.35801733222111,7.975706704573651,25.656056783844097,1.8159502091917417,18.08457332957421,2019.0,8.760794986497137,22.557523270822404,24.274043506147084,-75.95669492376014,0.0
6.631704974473463,1.717438095904968,1.4904356300516488,0.48247511066002197,0.5712732422746778,0.15028114569521053,0.05737280979190858,5.230793288537307,1.55863229349927,3.545778544568518,27.143657191980385,53.181902790849094,87.15799520271685,-53.31635714437009,4747.476252990333,23.290835665962188,41.825790329305626,2021.0,16.635072820397962,2023.0,11.947133753831197,14.41159051629344,25.980799994038012,1.0372852622241717,29.596594590363022,2019.0,10.031889009807287,6.2827159013053295,59.01663995540974,25.962195676498926,0.0
5.401950546072934,1.8399825285547085,1.2393892425268958,0.4810309721210392,0.38759659272218494,0.0968642565795352,0.18066119298059455,5.08798660456728,2.6110608892887575,1.5906873858280277,70.93949511814554,15.241174715328679,100.71072833721841,1221.2963173555604,21700.694766764092,7.06126460104117,29.580461766255983,2021.0,17.642548741117864,2023.0,9.615891364732475,10.46967680949848,21.412651849665835,0.7792315977461598,18.689389708365088,2019.0,8.14278459013497,4.228638155470811,38.27701411409388,67.81045546196225,0.0
5.005056873798098,0.6939013210608579,1.0396313938158923,0.21629071424042023,0.5103209131008026,0.12188814547133137,0.10716295847725874,3.3425117854245063,1.640093145781486,1.37712941996045,47.76569640989284,57.48213588504787,85.42321255614436,492.8676041932319,11440.604195389084,32.85932606657383,132.84067633349946,2021.0,13.756261568469238,2023.0,12.99793452941145,11.469438976497383,27.617094883424826,1.2754750815985598,21.320672961955708,2019.0,6.921268206013526,24.212971714209047,4.994319770123832,18.028655190980068,0.0
5.603355888232766,1.6139598457428201,1.2312671195529294,0.4733960948076777,0.677328065513614,0.07763536913794758,0.1130556766346451,4.837569046429693,1.9926722131338195,2.2397900493394767,37.75894202458869,57.886023488063174,85.11994741751145,348.3125164336217,3172.8819757362808,23.207768262210383,61.23687835677227,2021.0,16.28600232252952,2023.0,16.883053745706075,17.08906931621625,42.442614447587275,1.0855423128175188,36.72803254371708,2019.0,7.004622643074266,6.979283961442581,1.5978711341588177,28.955071711641207,0.0
4.679759047350645,0.8973420316602423,1.1259735348260826,0.15160271810619172,0.47084053645648377,0.21080283772633127,0.11781771815413088,5.57164504315693,1.7053985015934874,3.9960639482946068,30.737120664795455,73.52374362477443,77.95198427183892,359.03292647892744,1269.438886306586,22.421498707038626,146.33486892087376,2021.0,10.756423425393866,2023.0,10.946238683092073,8.03439784671735,25.02143222218271,1.5405812833885082,29.92073522102379,2019.0,8.831409707988437,14.671022141110567,-16.014804881798895,-33.511544899014915,0.0
3.828013157358976,0.28081039547961384,0.8153551759354295,0.04656223037815624,0.4366873992506965,0.17291847179253927,0.16054716563001267,5.552591438778587,1.5270175155954098,4.437770815805002,31.512799018661408,81.69960483944531,81.18116436715908,-44.95396058921925,1987.5767198517278,30.581840807946232,183.10140690827612,2021.0,11.744375588667909,2023.0,12.797962284094512,9.490270484466174,25.08621611467459,2.849174770772107,26.58048353510444,2019.0,8.202435132388764,27.40017800241342,10.75350329515816,14.903366862443452,0.0
3.0955442351163107,0.13435772950131983,0.4218128597366932,0.018274177854300296,0.16276840328277253,0.11555190365830252,0.03567054259143603,5.093821233657304,1.833477491204879,2.82249432851983,43.597210720155175,65.59854598066313,82.93996628252829,411.6220244672575,4244.649204688421,31.188607519846315,206.70988292955786,2021.0,6.67584785508241,2023.0,11.431521683813695,8.82929043821475,25.10496562723728,1.2837948642065704,20.131975016784143,2019.0,7.594365808242293,29.28296404787223,9.31813684071777,20.64432788272518,0.0
4.000215074635853,1.018163385394917,1.028245683760026,0.31907044057406725,0.3606595874352965,0.1431364985541975,0.06763950430740291,5.589156591315485,2.0878469392190095,2.91684635257118,43.22302019868597,69.17181565883942,80.20482311087083,380.73020597450244,6902.965630193775,11.820806277150242,138.064883988601,2021.0,13.451557173559706,2023.0,10.07318761106368,9.527303107887313,4.884957536062852,2.900535061236855,21.556641287974497,2019.0,10.005419506175446,10.416479324067362,45.728084583317,22.510269950059993,0.0
5.8226042369483215,1.4148832486232197,1.3656305614536994,0.4509744980472838,0.6451559920642308,0.10321186175840959,0.12653966621260157,5.875371704708106,1.4780305433828955,4.160671951415168,29.192120486822486,53.58589035294489,87.65035759158967,375.5697306865187,11994.982576681983,24.60082976227207,49.10052204170494,2021.0,15.77055597548023,2023.0,10.883869887337854,9.918819776668087,23.242453082055743,1.4975559945744863,25.056691180919408,2019.0,9.642268977617453,18.445553141245576,34.21837063820604,43.185473239017405,0.0
5.270826303246793,1.5299821046646538,1.209065260801636,0.3460675164822653,0.622587320533362,0.058007592378643426,0.056452088415283944,4.778784174141222,1.5302447776600514,2.8597568003864695,33.56947852341353,58.758205040210534,85.8511826939578,236.12847624495865,11443.605277995588,23.50298151051042,67.1909426419495,2021.0,14.746789444437203,2023.0,13.709314077068717,9.55518752820444,27.466300244213247,1.0899540470082112,32.30218382356036,2019.0,7.497236915598181,4.667187564371806,35.98503067217816,59.62006758665165,0.0
5.933235732083848,1.96687261266652,1.3718188087089562,0.5528239938426631,0.49286220195318725,0.13622413679979611,0.11629461809863943,4.477232486785245,1.8410842620566932,1.4655141641027527,54.791954889409915,49.352580594901774,87.53911455550727,788.5385544492759,11777.598476547764,20.96197627204079,18.44160941733874,2021.0,17.594201412955798,2023.0,11.641378284090964,6.584281115476947,23.828175637593844,3.266744124300075,26.73631665127164,2019.0,7.01500361709849,22.96730101764963,39.64274042580094,24.37329917266595,0.0
7.072271771346911,1.6098998122097001,1.2992314754544567,0.5376389155614535,0.6011022992798144,0.1404308110867934,0.1551985061863612,3.2335124184057116,1.8066134887389595,1.7462820711926352,63.72701461869382,55.128312434717294,86.52247758432702,596.1762654516215,2790.5317743581895,27.981801777383925,52.39275352248353,2021.0,15.723650903302847,2023.0,11.97400762727493,9.496696057927668,38.83252879708903,0.5771729565416266,28.455559281473178,2019.0,7.799297901392536,23.318622696917654,38.76572378164125,-99.59760832760796,0.0
7.159707582552804,1.7488021727716507,1.5828729445450587,0.526509512954368,0.6171317301636257,0.2340126327226223,0.27855681931864573,5.9360611585012215,2.2244971608977724,1.767098398644347,46.8792432718773,20.870627801702735,96.6215915511902,844.2775059357318,17216.35284479765,21.60043544401989,40.177764684890526,2021.0,16.85300775855822,2023.0,14.47065566415049,10.710702238582341,37.56027746406024,2.6334285504653994,25.746395455330056,2019.0,6.9156371947541,15.000669049027312,20.665810796585685,23.765226151477975,0.0
5.4948100388300265,1.356362641480866,1.1087543902419392,0.3666279519607094,0.6265168882114883,0.3374382155118073,0.37944796369611916,4.7786107448914255,1.7091996954423945,2.4423767953653117,46.02899381119742,17.94137049238827,94.53340745768617,1575.0892591989211,18296.65807957043,24.35699033882314,86.93480007031145,2021.0,14.074249460032085,2023.0,12.013368506502832,8.612513313229355,27.510341536494405,1.7816899735370983,15.833810802880818,2019.0,7.448527444499223,22.683501070227937,61.441694983662074,90.66821331454611,0.0
5.743317304596104,1.646106889733016,1.3734755345157508,0.5287875720401091,0.485959781501509,0.13001497112362853,0.05129431797226071,1.6483088031756368,1.4788980176942732,2.196647971881723,44.11690678099333,50.20738308861977,87.87216671672853,324.1589601502804,1924.6987923539664,10.550222058239665,77.04222021820344,2021.0,14.92685751408638,2023.0,11.113191290418861,8.047515950521014,25.972771883600107,1.6811711631243207,22.398454249957993,2019.0,8.377985815072943,9.557003139374082,38.94259186005461,27.457523237086438,0.0
6.043686123279634,1.7996549603217837,1.2900600542320395,0.4638376092867193,0.6208202750692619,0.06797312262131622,0.08777635453822404,6.0389294755534495,1.737709794720137,3.746796721782448,27.601711981269506,79.86522281364073,82.94261471780693,138.22443337755394,5373.508618645673,29.593023101203606,39.01804133473461,2021.0,16.14295268018834,2023.0,11.60178472598263,4.679060711066535,23.9652983191296,2.7910565750365364,29.77591076515,2019.0,7.480911031425225,13.997269771440736,60.80616876904696,63.97537394159382,0.0
5.060074114616995,1.401017029436653,1.0303850901035183,0.4032781285702852,0.38723383608218825,0.08167633263326766,0.1149335461221778,5.690408667157054,1.576830255063365,4.823330280590692,22.993959648410456,77.0063216935725,82.23681640445,94.59697554138242,1287.5722333644517,26.097089725241062,122.46890234113384,2021.0,12.131771606535716,2023.0,12.920359506460972,9.401971878110906,22.89882325518258,1.6112642606081304,19.577234513290197,2019.0,10.006753462115958,16.498581543879833,23.10149368392441,-25.78143937264364,0.0
4.453929183138393,1.237739053638425,0.9043037031995315,0.1936921880799113,0.6045465918989201,0.24598956731539962,0.13653959622413425,4.45791533758936,1.6773977206799058,3.1045093448324543,43.77659295190493,54.0500065062831,85.96120034099779,625.9983869407035,2326.433368166996,21.75692727288122,114.62408256919238,2021.0,12.749933058833747,2023.0,1.415421431272288,9.438988264927744,3.554047754278382,1.1687218861557216,19.18511563798655,2019.0,5.8956780960009185,18.45095247238594,4.137805718712731,95.25655321261792,0.0
4.81713881252878,1.3641364446334678,0.9057748047141675,0.26531394852353024,0.6154821305877056,0.22838297979496958,0.3448060757336898,4.642161888186845,1.6179118893302677,3.492188013752643,38.13070684629849,51.62668703297189,85.02218232321403,1249.5305299171655,14202.317231736482,29.293492126831058,107.82360797697552,2021.0,10.035455553129031,2023.0,12.644452237097296,9.75646029230868,26.62453049819548,1.653053786867442,22.132214996162247,2019.0,8.252853177620041,25.460538236354665,-16.202128698986762,48.272842624562784,0.0
4.60854610188741,1.6829170169941974,1.005775337724779,0.4159577810272266,0.23073134676233328,-0.02752244272220107,0.1474923868572377,5.717752374776882,2.535455046238778,2.5849917956200814,43.34969690434851,25.628505325144218,91.52633581591598,3059.3937028412793,50057.71749101454,15.998989544245548,85.13725424431938,2021.0,13.12547987439365,2023.0,12.692158763048065,10.06638228691591,29.310963541541874,1.7396893865117244,20.003498280098825,2019.0,10.41905420009919,22.66521864519318,33.86546592763438,-2.1373929422538667,0.0
3.1881228160991313,0.4256276927134103,0.2773628077243425,0.09110663141356631,0.40554677149552854,0.13255167656780958,0.11060380981706605,6.737430951950902,0.842199391443674,13.673307997321004,9.728344569220535,104.82061010872968,63.93749122650612,-517.4291747771388,663.4757919242563,35.96904209173261,191.7938096081186,2021.0,9.645344102853004,2023.0,2.9738084584887607,2.8616995484511873,18.84631167217167,0.9377707713222182,35.32242799760953,2019.0,4.434690100720378,26.34326849663017,-37.126147453375104,60.47039596282594,0.0
4.980514530692398,1.422764734591898,1.1764354187829877,0.35487040801874326,0.6438312370657492,0.1684791720413283,0.33016614523302684,3.4462633073891515,1.9155979195278974,2.7872004702263347,50.172228813888964,55.63672155004352,85.54386318487258,1007.836996436952,14675.320319565866,24.25463951952748,127.4738805190667,2021.0,14.79664511415749,2023.0,10.882115762471711,10.904444149593393,15.500880773391238,2.7685910256815425,14.89964741534414,2019.0,7.572459377451932,25.889162111444346,-21.162426226172194,-15.754663318114114,0.0
6.619712635588088,1.9758182772996649,1.461426964181698,0.4673547628385281,0.3766442697054363,0.2176683356875157,0.16028751115174378,4.517647680902123,1.6201663224880791,3.1360183977658362,36.00463616365584,54.18678994799833,86.34972639319645,1076.347553129889,12134.848976581736,8.925066641490226,39.71237874544223,2021.0,16.76584283423252,2023.0,14.67051548155893,9.497860682039358,30.34183151364424,3.3883537708811162,27.373519263526692,2019.0,11.010971852488487,3.1584243881977745,48.57713274993374,1.8011800811694803,0.0
5.840658486000169,1.8985310255640608,1.346508130344907,0.4708947033775102,0.48682340003935454,0.19431228091808017,0.0453881441616592,4.650961876937593,1.6633805016937429,3.2103618659914717,37.834769898153205,39.00582380760285,91.6685357196763,360.65634143123356,7613.14799377769,14.203923407236795,34.7690613041409,2021.0,18.993993475572978,2023.0,10.798407850612971,9.508745332198723,23.72507608760749,0.9559060278458824,25.371844098070035,2019.0,4.693069536530558,8.146508217722577,35.19007670253954,85.25283581444097,0.0
4.318663244344433,0.8384978588757337,0.5222280261180813,0.12178931521890211,0.49685963370351605,0.159370976056793,0.12361339775923992,5.133680763328809,1.809592844122618,3.0589265400466723,38.656398416368134,50.90147772771632,86.46311365109872,658.1444812231796,16174.749792526374,26.064269998539725,169.6733240529686,2021.0,8.056376173314906,2023.0,9.822455286668646,10.90415305350829,23.375274660042432,1.892415918533958,20.378924625815173,2019.0,9.411342553620937,28.098962398176003,2.0647413831626436,38.46825121890479,0.0
4.791836552810824,1.4606471963571281,0.7708156667189959,0.4644416365243672,0.6319596491766599,0.13702258407063125,0.08282369139397304,6.073408470128233,1.1028310001207058,6.646914231748079,12.632664187853978,64.66705695479104,83.22288264375771,-68.78200188387835,19072.777127460482,27.568292110792328,57.455240539028594,2021.0,15.263778361919018,2023.0,10.727979335125799,12.560964461578322,47.354595174148876,0.7654872006743875,35.28767577855251,2019.0,5.662986581477116,19.927428402023462,6.736017178623493,62.26836136000657,0.0
4.978110233564504,1.0835631887869326,1.2349462108826863,0.3258398316675784,0.6608055872816877,0.11838858035771099,0.0724206208546524,4.788678199666665,1.6652633021008962,2.5596261888044394,41.330609676804954,33.81527821418035,91.44305268177592,931.8169104987545,17971.026689754453,22.073290897266247,59.88675201589872,2021.0,14.589580881537797,2023.0,13.15285225848534,21.17393815780565,23.322217974864014,1.6165297788130453,17.600843134040748,2019.0,9.380251079609996,20.651938353086265,34.66706859407021,15.111405665642417,0.0
6.675334573033332,1.8873892393620604,1.3737600935346823,0.47381292989044715,0.6290677121078333,0.14803203384026553,0.1431921842830024,2.7537848232858204,1.400268875486705,3.5994796255992636,36.291732996097565,45.99931829780313,87.73930104390118,759.8247992973616,17280.838713679892,21.811376728329286,23.236684807555875,2021.0,16.651693597851477,2023.0,11.05646112149039,12.10687777915137,28.204222548527753,0.8766734448902663,21.01336887576415,2019.0,8.43329234167741,12.44000732923003,39.02428448842428,-0.4578957675670406,0.0
6.221008234306789,1.3228024841401718,1.1550645702959648,0.37671049665113937,0.6783185479175133,0.22551432052706713,0.33492728339950295,4.858694074687455,1.2645440769638134,5.20735800317897,25.7314703376069,54.49601215792005,85.54824703937435,814.9697785687313,15746.697774625258,33.85382170996868,103.69858951892422,2021.0,13.190643166155814,2023.0,13.679894862539907,13.107967936926757,27.40007611585124,2.1879187876631514,17.755697629546546,2019.0,6.878588851717726,29.900727087964565,-26.938822266124586,20.337883123289586,0.0
4.815681229191034,1.7048091393664317,1.3151911269320806,0.4855130598014022,0.47501425276284764,0.03774593021442766,0.05638191278709797,2.4535228539906515,1.3532485308282522,2.9380688481232906,39.50293246245843,58.74197963429564,84.67513525304571,691.5910186070539,8575.870037301802,26.156022637301174,70.25372037967357,2021.0,14.301853444479054,2023.0,8.858534298197203,5.382867463947843,20.244778681953093,0.8728794435969794,33.60546348312415,2019.0,8.718892026552496,20.222172501436713,29.095661316549915,4.303808897274976,0.0
7.115498565579383,1.9869700226179252,1.5625407345766937,0.5588381497265559,0.7198336092144083,0.18083638341398334,0.10517096797831259,4.145834013233588,1.3036168702141415,4.007425723191155,19.441798234301462,41.53447534077326,90.50221984637572,189.40852098958925,10080.359077442887,17.154531097361243,1.5488508589900754,2021.0,18.74144250304467,2023.0,12.68685981295025,22.727063704256643,29.255727823187552,0.4607260148980757,24.92576942434738,2019.0,9.04560877351742,6.978379814694735,51.95053781107713,-9.769037841676528,0.0
4.685236158462911,1.165817326984128,1.126268693636097,0.2627063646214599,0.4625229244015488,0.13578437497254195,0.037367850314151824,5.999523841633698,2.0957983297033427,2.8647314498675622,40.66904577731779,48.35491403784151,88.4231148724721,210.087875418665,4558.812525241829,20.938832794418442,103.5401556990601,2021.0,14.399343755759846,2023.0,10.53895416133032,9.091488636895985,21.96484692897186,2.7048262119907696,25.709963377731835,2019.0,7.9194774901427385,13.065186894439304,43.95608619922404,137.64864490662796,0.0
4.83049846947419,0.8552222221486705,1.1252991562590713,0.06310173723343183,0.3253061515292487,0.16926797435835478,0.172984573765227,6.324955720062827,1.7598509910004574,4.567336054965594,26.030175791160914,62.135811920655414,84.68627752218431,416.7234317865973,7337.327801700084,14.566515467226939,165.18939993473427,2021.0,12.001818540488998,2023.0,12.948792605135534,9.305667991812596,24.190371764063304,2.118769610806899,19.53808841261499,2019.0,9.093251075782028,10.004279708675739,42.303469021327025,29.475911852585075,0.0
5.772396129892127,1.4424861745070057,1.1781915855838951,0.23714973440914053,0.3863109462453296,0.12797450177780728,0.031343451551977874,3.5436974944549577,1.5056859062007875,4.090885132797269,35.36957066823374,45.34263861378235,87.08966267142935,1787.7350361225813,21549.045070989418,8.953107399326992,129.59689808374165,2021.0,11.96746758765594,2023.0,11.648977108432144,10.54944800187936,25.531751878358307,1.614263097948884,11.777880289116446,2019.0,8.578991404459225,17.41594611115558,54.91794504762026,-57.26191186481247,0.0
5.119991052253502,1.1302829547147073,0.9505091025971794,0.28420227617763094,0.50446066524978,0.12698318614521947,0.1005150645290573,4.2182198524529015,1.7497580646516675,2.3299352268736797,44.90982095966354,53.12834155217507,85.44473955690185,1905.1024692735934,37911.83964068421,23.473763800072277,97.12118306566266,2021.0,12.915306146285777,2023.0,11.701470207392447,10.96662575927092,25.71984824073803,1.3796914222991716,13.646833964532894,2019.0,8.876789434421086,24.36044025552872,36.913769052832606,-30.32590383594344,0.0
5.731386116739726,1.214801103914151,1.2985229715862463,0.32336220031945906,0.6627412839140803,0.10650951080470468,0.050613592112194614,5.077529223532212,0.7079469448776747,6.443838660796305,15.687627950927551,36.83191837898285,93.3079330498405,691.7361012600475,27500.89339117123,24.3238770739225,90.29255550751432,2021.0,15.667816710971856,2023.0,16.26900414634642,13.057250156413323,49.78306296848117,1.4818792732741544,36.61261783872296,2019.0,7.717917869729575,22.648889787582593,-45.06801729197658,-16.43425522378432,0.0
5.3691779492375735,1.6614562908125832,1.1527410344696785,0.45235389016685446,0.45817994979314375,0.18355886859526804,0.06263041583038059,3.4843749026291126,1.3730223976442362,3.6114577679523086,38.24027415137234,55.93492822941582,85.99912123602964,690.8851048997561,6330.601222086187,22.40235961306404,60.29782012055313,2021.0,16.260580216796072,2023.0,13.664096198448936,10.233315346341008,24.239970411721536,2.1390578678594934,24.74613154581472,2019.0,9.617559975142095,20.58566948983403,11.891801588561457,16.36723354671349,0.0
6.91731742190332,2.0447309088843935,1.5630764974866675,0.6757937455667972,0.6496791322068171,0.09164502804318952,0.2164787808172082,5.417790528782482,1.5469850014013886,3.810990701569817,20.439920187002286,-6.343007328781021,164.1455346270648,2780.652001938409,85099.06715083009,8.007604848693386,-16.627922273126387,2021.0,18.883129521033773,2023.0,20.92282139311179,22.471455964199627,26.781460752139257,1.8014212932370437,15.936000025532076,2019.0,8.226496718760082,6.904217258024793,55.27299668119151,22.45038469766604,0.0
6.965558089276988,1.7567371884636793,1.3665483268035026,0.5588772762589845,0.7017536131280897,0.10571740119750467,0.17875290967922075,3.7116751053197485,1.72971102706394,2.847864608945367,40.08203916267377,35.537637904158444,89.3515235446747,915.8503638226817,8162.618273647775,16.511116830852643,47.92651276346906,2021.0,16.157231593446323,2023.0,9.608891686738597,11.214449877103641,24.62019689924111,0.3755260312400204,25.271379818009407,2019.0,9.156041587985825,16.250828022610264,7.1386952120122675,7.9440804418151805,0.0
5.856578510169016,1.4155491279744745,1.3406356337991043,0.45831084031455516,0.26062405266748817,0.1792466423527353,0.27716612573767047,4.269099951805773,1.6487792903762826,2.8099089571723965,38.02955552908103,32.87338471956563,88.99819815807739,2098.1017175508323,60020.78576940777,7.628262762998244,67.38910108677965,2021.0,14.227879201750358,2023.0,12.663237570944641,23.225628007993848,22.768984214620648,1.0140824403221897,13.151450775207051,2019.0,10.107161000005949,10.133445391413385,22.461951918251184,-119.49752983219318,0.0
4.42143271457594,0.8787590376566278,0.9288486287379235,0.3065525399230044,0.40653556219350145,0.4009335525941999,0.1162935422448292,4.466007224137303,0.5083202904076283,6.191606316456037,15.96089128411649,60.97986816111372,84.30190240639747,209.44746954660425,5341.39315079471,34.7138425758399,159.69394663925596,2021.0,9.694512151485842,2023.0,9.142839116283158,10.271856451472036,20.16266920711917,0.8723201556952287,24.69755855591511,2019.0,5.868360028622729,29.572399753400347,38.219389016316555,17.803765409190746,0.0
