country,region,happiness_score,gdp_per_capita,social_support,healthy_life_expectancy,freedom_to_make_life_choices,generosity,perceptions_of_corruption,Continent_x,Marriage,Divorce,Actual,Percent,rank,IQ,education_expenditure,avg_income,avg_temp,ISO3,Continent_y,Hemisphere,Human Development Groups,UNDP Developing Regions,HDI Rank (2021),Year,Expected Years of Schooling,year,beef,pig,poultry,sheep,Unnamed: 0,LOCATION,INDICATOR,SUBJECT,MEASURE,FREQUENCY,TIME,LITRES/CAPITA,avg_temp_c,latitude,longitude,altitude
Iceland,Western Europe,7.53,1.926,1.62,0.559,0.738,0.25,0.187,Europe,4.9,1.8,2.72,36.73,19.0,99.0,3812.0,47106.0,8.1,ISL,Europe,Northern Hemisphere,Very High,,3.0,2021.0,19.16305923,,,,,,10.0,ISL,ALCOHOL,TOT,LT_CAP15,A,2019.0,7.4,5.68351233432884,64.04139515,-21.472884299999997,0.0
Netherlands,Western Europe,7.403,1.942,1.488,0.545,0.672,0.251,0.394,Europe,3.7,1.8,2.06,48.65,7.0,101.0,2386.0,45337.0,14.4,NLD,Europe,Northern Hemisphere,Very High,,10.0,2021.0,18.69316522,,,,,,17.0,NLD,ALCOHOL,TOT,LT_CAP15,A,2019.0,8.2,11.234621676523362,52.004775125,5.258116999426606,0.0
Sweden,Western Europe,7.395,1.921,1.51,0.562,0.754,0.225,0.52,Europe,5.0,2.5,2.0,50.0,25.0,98.0,3419.0,49535.0,9.9,SWE,Europe,Northern Hemisphere,Very High,,7.0,2021.0,19.41852951,,,,,,24.0,SWE,ALCOHOL,TOT,LT_CAP15,A,2019.0,7.1,8.108048637179675,58.0972528125,15.3064039,0.0
Switzerland,Western Europe,7.24,2.022,1.463,0.582,0.678,0.151,0.475,Europe,4.8,2.0,2.4,41.67,14.0,100.0,3550.0,70399.0,15.2,CHE,Europe,Northern Hemisphere,Very High,,1.0,2021.0,16.50029945,2023.0,13.0787113777249,22.3434851084187,14.5382128091658,1.13074768854093,25.0,CHE,ALCOHOL,TOT,LT_CAP15,A,2019.0,8.7,10.493491670233436,47.08862506363637,7.964927654545455,0.0
Luxembourg,Western Europe,7.228,2.2,1.357,0.549,0.71,0.149,0.418,Europe,2.9,2.3,1.26,79.31,11.0,100.0,3665.0,71296.0,14.7,LUX,Europe,Northern Hemisphere,Very High,,17.0,2021.0,14.39813995,,,,,,15.0,LUX,ALCOHOL,TOT,LT_CAP15,A,2019.0,11.0,10.421872973704968,49.7401833,6.14492695,0.0
Ireland,Western Europe,6.911,2.152,1.425,0.539,0.656,0.186,0.409,Europe,4.6,0.7,6.57,15.22,34.0,95.0,2500.0,43903.0,13.2,IRL,Europe,Northern Hemisphere,Very High,,8.0,2021.0,18.94522095,,,,,,11.0,IRL,ALCOHOL,TOT,LT_CAP15,A,2019.0,10.8,10.680518902818624,52.80929555,-7.983132,0.0
Germany,Western Europe,6.892,1.919,1.401,0.539,0.618,0.153,0.365,Europe,4.9,1.9,2.58,38.78,13.0,100.0,1883.0,39911.0,13.8,DEU,Europe,Northern Hemisphere,Very High,,9.0,2021.0,17.01013947,,,,,,7.0,DEU,ALCOHOL,TOT,LT_CAP15,A,2019.0,10.6,10.79305122715033,51.4431847,10.322773529616402,0.0
Belgium,Western Europe,6.859,1.907,1.449,0.528,0.59,0.137,0.273,Europe,3.9,2.1,1.86,53.85,23.0,98.0,2507.0,40526.0,14.8,BEL,Europe,Northern Hemisphere,Very High,,13.0,2021.0,19.60421944,,,,,,1.0,BEL,ALCOHOL,TOT,LT_CAP15,A,2019.0,9.2,19.222634206548808,50.957360050000005,4.7205472,0.0
United Kingdom,Western Europe,6.796,1.857,1.366,0.511,0.626,0.272,0.34,Europe,4.4,1.8,2.44,40.91,17.0,99.0,2076.0,40698.0,12.9,GBR,Europe,Northern Hemisphere,Very High,,18.0,2021.0,17.30971909,2023.0,16.81201976357674,21.320932986159622,32.258149623378785,4.702000519398214,27.0,GBR,ALCOHOL,TOT,LT_CAP15,A,2019.0,9.7,13.133714541004522,37.62238135714286,-10.008814599224644,0.0
France,Western Europe,6.661,1.856,1.433,0.566,0.582,0.083,0.27,Europe,3.7,1.9,1.95,51.35,28.0,97.0,2042.0,37610.0,16.8,FRA,Europe,Northern Hemisphere,Very High,,28.0,2021.0,15.81206989,,,,,,6.0,FRA,ALCOHOL,TOT,LT_CAP15,A,2019.0,11.4,15.21960362091384,37.72538333571429,-5.452746192743243,0.0
Spain,Western Europe,6.436,1.798,1.491,0.567,0.533,0.101,0.157,Europe,1.9,1.6,1.19,84.21,33.0,95.0,1176.0,26463.0,21.1,ESP,Europe,Northern Hemisphere,Very High,,27.0,2021.0,17.91690063,,,,,,23.0,ESP,ALCOHOL,TOT,LT_CAP15,A,2019.0,10.7,18.07335654073791,39.19810784814815,-3.95968150122778,0.0
Malta,Western Europe,6.3,1.841,1.468,0.547,0.671,0.2,0.143,Europe,5.8,0.7,8.29,12.07,,,,,,MLT,Europe,Northern Hemisphere,Very High,,23.0,2021.0,16.83856964,,,,,,,,,,,,,,19.52784090909091,35.8989818,14.5136759,0.0
Portugal,Western Europe,5.968,1.758,1.356,0.537,0.693,0.031,0.037,Europe,1.8,1.7,1.06,94.44,40.0,93.0,1005.0,19253.0,21.5,PRT,Europe,Northern Hemisphere,Very High,,38.0,2021.0,16.87122917,,,,,,21.0,PRT,ALCOHOL,TOT,LT_CAP15,A,2019.0,10.4,17.52328047967339,38.52127608333333,-12.275095110088843,0.0
Greece,Western Europe,5.931,1.708,1.247,0.535,0.248,0.008,0.097,Europe,4.7,1.8,2.61,38.3,43.0,91.0,781.0,21101.0,22.3,GRC,Europe,Northern Hemisphere,Very High,,33.0,2021.0,20.02878952,,,,,,8.0,GRC,ALCOHOL,TOT,LT_CAP15,A,2019.0,6.3,16.258174809608324,39.12434993,22.682692037783195,0.0
Israel,Middle East and North Africa,7.473,1.833,1.521,0.577,0.569,0.124,0.158,Asia,6.5,1.8,3.61,27.69,38.0,93.0,1811.0,29009.0,25.4,ISR,Asia,Northern Hemisphere,Very High,,22.0,2021.0,16.05088997,2023.0,20.3650531336039,1.28613333683136,66.9587857371893,1.69865219023672,35.0,ISR,ALCOHOL,TOT,LT_CAP15,A,2019.0,3.1,19.715490164287115,32.23935275,34.98264915000454,0.0
United Arab Emirates,Middle East and North Africa,6.571,2.015,1.223,0.401,0.745,0.188,0.247,Asia,2.8,0.7,4.0,25.0,70.0,82.0,805.0,38644.0,34.4,ARE,Asia,Northern Hemisphere,Very High,AS,26.0,2021.0,15.71769047,,,,,,,,,,,,,,29.033337722925136,25.20977565,55.257297025,0.0
Bahrain,Middle East and North Africa,6.173,1.883,1.269,0.389,0.748,0.199,0.138,,,,,,,,,,,BHR,Asia,Northern Hemisphere,Very High,AS,35.0,2021.0,16.29755974,,,,,,,,,,,,,,28.25940063091483,26.2235041,50.5822436,0.0
Algeria,Middle East and North Africa,5.329,1.353,1.298,0.409,0.252,0.073,0.152,Africa,10.1,1.6,6.31,15.84,83.0,77.0,253.0,3684.0,26.5,DZA,Africa,Northern Hemisphere,High,AS,91.0,2021.0,14.62689602,,,,,,,,,,,,,,19.14418898617392,35.01618082592592,3.716139261507913,0.0
Iraq,Middle East and North Africa,4.941,1.281,0.953,0.324,0.351,0.134,0.038,,,,,,54.0,88.0,193.0,3757.0,32.3,IRQ,Asia,Northern Hemisphere,Medium,AS,121.0,2021.0,12.08747317,,,,,,,,,,,,,,27.198269099180006,31.49813225,46.81936575,0.0
Iran,Middle East and North Africa,4.876,1.465,1.102,0.411,0.281,0.229,0.13,Asia,11.2,1.6,7.0,14.29,74.0,81.0,176.0,4545.0,26.6,IRN,Asia,Northern Hemisphere,High,SA,76.0,2021.0,14.61524963,,,,,,,,,,,,,,18.34903292567535,33.984869136538464,51.774167842016595,0.0
Turkiye,Middle East and North Africa,4.614,1.714,1.148,0.467,0.125,0.095,0.096,,,,,,,,,,,,,,,,,,,2023.0,9.16592951051478,1.7180507145e-06,20.3668702614398,4.25862543084704,,,,,,,,,,,,
Tunisia,Middle East and North Africa,4.497,1.333,0.981,0.422,0.259,0.022,0.016,Africa,,,,,,,,,,TUN,Africa,Northern Hemisphere,High,AS,97.0,2021.0,15.42538224,,,,,,,,,,,,,,20.567155579306124,35.1648070625,9.434523291365132,0.0
Egypt,Middle East and North Africa,4.17,1.377,0.972,0.326,0.467,0.038,0.25,Africa,11.0,1.9,5.79,17.27,82.0,78.0,92.0,2175.0,30.1,EGY,Africa,Northern Hemisphere,High,AS,97.0,2021.0,13.78649972,,,,,,,,,,,,,,23.77133031681346,27.67817386666667,30.954973491985445,0.0
Jordan,Middle East and North Africa,4.12,1.292,0.98,0.438,0.517,0.056,0.173,Asia,6.7,1.8,3.72,26.87,,,,,,JOR,Asia,Northern Hemisphere,High,AS,102.0,2021.0,10.64655972,,,,,,,,,,,,,,20.67224579754351,31.190647733333332,36.48802187842262,0.0
Australia,North America and ANZ,7.095,1.899,1.497,0.532,0.677,0.242,0.31,Oceania,4.6,2.0,2.3,43.48,16.0,99.0,2343.0,42948.0,24.3,AUS,Oceania,Southern Hemisphere,Very High,,5.0,2021.0,21.05459023,2023.0,18.4874017922009,22.6072804059422,44.5113703338862,7.20039143386479,,,,,,,,,18.93436041053645,-29.90253774545454,136.5724594909091,0.0
Canada,North America and ANZ,6.961,1.881,1.484,0.541,0.656,0.218,0.364,North America,4.4,2.1,2.1,47.73,9.0,100.0,2052.0,40207.0,7.4,CAN,America,Northern Hemisphere,Very High,,15.0,2021.0,16.39625931,2023.0,16.9212633279307,15.6900512104963,34.3143184604227,0.922040819551859,2.0,CAN,ALCOHOL,TOT,LT_CAP15,A,2019.0,8.0,6.228910011719514,49.27829418461538,-85.91599523076924,0.0
Lithuania,Central and Eastern Europe,6.763,1.808,1.511,0.432,0.487,0.059,0.089,Europe,7.0,3.1,2.26,44.29,37.0,95.0,550.0,11330.0,11.6,LTU,Europe,Northern Hemisphere,Very High,,35.0,2021.0,16.28506088,,,,,,41.0,LTU,ALCOHOL,TOT,LT_CAP15,A,2019.0,11.1,7.980997474747475,54.6870458,25.2829111,0.0
Slovenia,Central and Eastern Europe,6.65,1.815,1.539,0.532,0.707,0.144,0.113,Europe,3.5,1.1,3.18,31.43,,,,,,SVN,Europe,Northern Hemisphere,Very High,,23.0,2021.0,17.65492058,,,,,,37.0,SVN,ALCOHOL,TOT,LT_CAP15,A,2019.0,11.1,12.129430379746836,46.0500268,14.5069289,0.0
Romania,Central and Eastern Europe,6.589,1.726,1.28,0.423,0.631,0.044,0.0,Europe,7.4,1.6,4.63,21.62,55.0,88.0,249.0,7109.0,16.0,ROU,Europe,Northern Hemisphere,Very High,,53.0,2021.0,14.22990036,,,,,,47.0,ROU,ALCOHOL,TOT,LT_CAP15,A,2019.0,11.0,11.41817155562116,45.77264401428572,25.126334928314883,0.0
Slovakia,Central and Eastern Europe,6.469,1.731,1.544,0.472,0.494,0.128,0.022,Europe,5.7,1.8,3.17,31.58,,,,,,SVK,Europe,Northern Hemisphere,Very High,,45.0,2021.0,14.51303959,,,,,,22.0,SVK,ALCOHOL,TOT,LT_CAP15,A,2019.0,10.3,10.333415227605164,48.72780835,20.20412895,0.0
Kosovo,Central and Eastern Europe,6.368,1.374,1.269,0.372,0.639,0.275,0.045,,,,,,,,,,,,,,,,,,,,,,,,,,,,,,,,,,,
Latvia,Central and Eastern Europe,6.213,1.737,1.505,0.405,0.58,0.107,0.071,Europe,6.8,3.1,2.19,45.59,,,,,,LVA,Europe,Northern Hemisphere,Very High,,39.0,2021.0,16.20252991,,,,,,40.0,LVA,ALCOHOL,TOT,LT_CAP15,A,2019.0,11.6,7.994621790423317,56.9493977,24.1051846,0.0
Serbia,Central and Eastern Europe,6.144,1.552,1.343,0.424,0.617,0.246,0.081,Europe,5.2,1.4,3.71,26.92,50.0,89.0,208.0,4876.0,18.3,SRB,Europe,Northern Hemisphere,Very High,ECA,63.0,2021.0,14.40009022,,,,,,,,,,,,,,13.567229409908489,45.03647345,20.1510365,0.0
Croatia,Central and Eastern Europe,6.125,1.727,1.455,0.475,0.5,0.087,0.003,Europe,4.9,1.5,3.27,30.61,36.0,95.0,505.0,11642.0,18.1,HRV,Europe,Northern Hemisphere,Very High,,40.0,2021.0,15.11209965,,,,,,45.0,HRV,ALCOHOL,TOT,LT_CAP15,A,2019.0,9.6,15.967402966235404,44.791907949999995,15.930338852983576,0.0
Hungary,Central and Eastern Europe,6.041,1.754,1.519,0.435,0.501,0.105,0.065,Europe,5.2,1.7,3.06,32.69,21.0,99.0,585.0,11391.0,16.6,HUN,Europe,Northern Hemisphere,Very High,,46.0,2021.0,15.0336281,,,,,,9.0,HUN,ALCOHOL,TOT,LT_CAP15,A,2019.0,10.7,9.739453472215889,47.18522106875,19.34716372836406,0.0
Moldova,Central and Eastern Europe,5.819,1.425,1.302,0.375,0.61,0.093,0.02,Europe,7.3,3.1,2.35,42.47,,,,,,MDA,Europe,Northern Hemisphere,High,ECA,80.0,2021.0,14.43299961,,,,,,,,,,,,,,11.301680221126064,47.39345345,28.38044725,0.0
Russia,Central and Eastern Europe,5.661,1.68,1.383,0.366,0.449,0.12,0.091,Europe,5.3,3.9,1.36,73.58,32.0,96.0,338.0,8241.0,9.5,,,,,,,,,,,,,,,,,,,,,,9.903240821966362,53.41374189745479,57.43821075618333,0.0
Bosnia and Herzegovina,Central and Eastern Europe,5.633,1.467,1.361,0.429,0.485,0.247,0.008,Europe,4.8,0.6,8.0,12.5,,,,,,BIH,Europe,Northern Hemisphere,High,ECA,74.0,2021.0,13.8,,,,,,,,,,,,,,12.599125406522289,44.31203095,17.789225950000002,0.0
Bulgaria,Central and Eastern Europe,5.466,1.635,1.457,0.408,0.557,0.106,0.013,Europe,4.1,1.5,2.73,36.59,42.0,91.0,224.0,5703.0,18.1,BGR,Europe,Northern Hemisphere,High,,68.0,2021.0,13.89729023,,,,,,44.0,BGR,ALCOHOL,TOT,LT_CAP15,A,2019.0,11.2,12.838252662963804,42.5560637,25.721342237492987,0.0
Armenia,Central and Eastern Europe,5.342,1.466,1.134,0.443,0.551,0.053,0.16,Europe,6.0,1.0,6.0,16.67,,,,,,ARM,Asia,Northern Hemisphere,High,ECA,85.0,2021.0,13.11676025,,,,,,,,,,,,,,8.561043258534719,40.28228360833334,44.89759648012777,0.0
Albania,Central and Eastern Europe,5.277,1.449,0.951,0.48,0.549,0.133,0.037,Europe,8.1,1.7,4.76,20.99,69.0,82.0,118.0,3513.0,21.4,ALB,Europe,Northern Hemisphere,High,ECA,67.0,2021.0,14.44799995,,,,,,,,,,,,,,14.512254454111972,41.6937207,19.919767033333333,0.0
Ukraine,Central and Eastern Europe,5.071,1.358,1.354,0.355,0.551,0.265,0.016,Europe,4.06,2.88,1.41,70.94,44.0,91.0,143.0,2375.0,14.6,UKR,Europe,Northern Hemisphere,High,ECA,77.0,2021.0,14.95656854,2023.0,5.20224015427096,13.4381409347444,24.0770555163356,0.298596010804181,,,,,,,,,10.097010001276749,49.1422791,30.62646411578947,0.0
Costa Rica,Latin America and Caribbean,6.609,1.587,1.34,0.503,0.683,0.099,0.116,North America,5.3,2.5,2.12,47.17,53.0,88.0,487.0,7480.0,28.6,CRI,America,Northern Hemisphere,Very High,LAC,58.0,2021.0,16.54577065,,,,,,42.0,CRI,ALCOHOL,TOT,LT_CAP15,A,2019.0,3.1,,,,
Uruguay,Latin America and Caribbean,6.494,1.617,1.445,0.435,0.683,0.102,0.254,South America,3.2,,,,,,,,,URY,America,Southern Hemisphere,Very High,LAC,58.0,2021.0,16.83259964,,,,,,,,,,,,,,18.04902035279357,-33.38949528,-56.741444820000005,0.0
Chile,Latin America and Caribbean,6.334,1.645,1.384,0.511,0.546,0.131,0.076,South America,3.3,0.7,4.71,21.21,52.0,88.0,482.0,10195.0,18.5,CHL,America,Southern Hemisphere,Very High,LAC,42.0,2021.0,16.73130035,2023.0,19.5928765143762,20.3852780146451,37.9813552483916,0.413927052412702,30.0,CHL,ALCOHOL,TOT,LT_CAP15,A,2019.0,7.1,14.630812206117204,-34.53477597360868,-71.82557644913263,0.0
Mexico,Latin America and Caribbean,6.33,1.55,1.169,0.389,0.632,0.086,0.115,North America,5.2,0.9,5.78,17.31,58.0,87.0,437.0,8845.0,29.8,MEX,America,Northern Hemisphere,High,LAC,86.0,2021.0,14.86443996,2023.0,8.73032191713485,14.08813748849,29.569800755473,0.51921017633281,16.0,MEX,ALCOHOL,TOT,LT_CAP15,A,2019.0,4.9,21.670871898792864,21.933081638231652,-100.8137321685332,0.0
Nicaragua,Latin America and Caribbean,6.259,1.109,1.292,0.385,0.66,0.148,0.218,North America,4.5,0.8,5.63,17.78,,,,,,NIC,America,Northern Hemisphere,Medium,LAC,126.0,2021.0,12.64135783,,,,,,,,,,,,,,28.453446244043015,12.1315011,-85.82135115,0.0
Guatemala,Latin America and Caribbean,6.15,1.287,1.188,0.31,0.631,0.106,0.066,North America,3.8,1.2,3.17,31.58,106.0,55.0,92.0,2830.0,32.1,GTM,America,Northern Hemisphere,Medium,LAC,135.0,2021.0,10.56245041,,,,,,,,,,,,,,,,,
Brazil,Latin America and Caribbean,6.125,1.454,1.25,0.387,0.558,0.131,0.137,South America,6.6,1.4,4.71,21.21,64.0,83.0,427.0,7586.0,30.6,BRA,America,Southern Hemisphere,High,LAC,87.0,2021.0,15.59906006,2023.0,24.5731996902572,12.8019878059285,39.9630789092284,0.545046021683156,29.0,BRA,ALCOHOL,TOT,LT_CAP15,A,2019.0,6.1,23.033952821040252,-13.595035707692308,-45.15482008461539,0.0
Argentina,Latin America and Caribbean,6.024,1.59,1.388,0.427,0.587,0.088,0.082,,,,,,56.0,87.0,454.0,8795.0,24.4,ARG,America,Southern Hemisphere,Very High,LAC,47.0,2021.0,17.8748703,2023.0,38.9786638585351,11.7784218052216,38.403747441818,0.967173414573501,43.0,ARG,ALCOHOL,TOT,LT_CAP15,A,2019.0,8.0,16.90442336565593,-34.324733359375,-63.71091369186048,0.0
Honduras,Latin America and Caribbean,6.023,1.115,1.072,0.341,0.613,0.189,0.062,,,,,,,,,,,HND,America,Northern Hemisphere,Medium,LAC,137.0,2021.0,10.13281417,,,,,,,,,,,,,,26.109737456140483,15.165443625,-86.44830025,0.0
Paraguay,Latin America and Caribbean,5.738,1.428,1.427,0.392,0.678,0.148,0.062,,,,,,,,,,,PRY,America,Southern Hemisphere,High,LAC,105.0,2021.0,12.98799113,2023.0,13.8720617723263,21.8764592865867,5.21955182977101,0.494692336391382,,,,,,,,,23.580674154359063,-24.274075081818182,-56.813688354545455,0.0
Bolivia,Latin America and Caribbean,5.684,1.24,1.187,0.329,0.648,0.103,0.06,,,,,,80.0,79.0,156.0,1912.0,27.6,BOL,America,Southern Hemisphere,Medium,LAC,118.0,2021.0,14.94697094,,,,,,,,,,,,,,15.493046193368675,-17.459090383333333,-66.71807953142,0.0
Colombia,Latin America and Caribbean,5.63,1.455,1.213,0.486,0.562,0.08,0.068,South America,2.3,0.7,3.29,30.43,66.0,83.0,231.0,5037.0,30.3,COL,America,Northern Hemisphere,High,LAC,88.0,2021.0,14.44274998,2023.0,11.1990741789298,8.81304468458319,33.3208678002305,0.143068400418439,39.0,COL,ALCOHOL,TOT,LT_CAP15,A,2019.0,4.1,25.7464461354203,6.131056658333333,-73.97232502443322,0.0
Ecuador,Latin America and Caribbean,5.559,1.343,1.173,0.476,0.56,0.079,0.069,South America,5.6,1.1,5.09,19.64,81.0,79.0,199.0,4159.0,25.6,ECU,America,Southern Hemisphere,High,LAC,95.0,2021.0,14.62423038,,,,,,,,,,,,,,20.02032291330105,-1.09486016,-81.12582210000001,0.0
Peru,Latin America and Caribbean,5.526,1.39,1.153,0.499,0.549,0.073,0.027,,,,,,,,,,,PER,America,Southern Hemisphere,High,LAC,84.0,2021.0,15.38773354,2023.0,4.24797201569134,4.44083981679568,46.8846086206208,1.04646602042799,46.0,PER,ALCOHOL,TOT,LT_CAP15,A,2019.0,5.7,20.128851646912068,-9.970679678947368,-75.4766200631579,0.0
Venezuela,Latin America and Caribbean,5.211,0.0,1.257,0.341,0.369,0.205,0.084,South America,3.3,1.2,2.75,36.36,68.0,83.0,273.0,8025.0,32.1,VEN,America,Northern Hemisphere,Medium,LAC,120.0,2021.0,12.81608,,,,,,,,,,,,,,26.984260062005244,9.69360677777778,-67.28376807027604,0.0
Malaysia,Southeast Asia,6.012,1.665,1.155,0.385,0.659,0.222,0.122,Asia,6.4,1.6,4.0,25.0,47.0,89.0,450.0,7665.0,32.0,MYS,Asia,Northern Hemisphere,Very High,EAP,62.0,2021.0,13.34304047,2023.0,5.73303194280343,5.23459507497145,50.4883493613007,1.22516132333679,,,,,,,,,27.76571887803144,4.115592728571428,104.85970402857144,0.0
Vietnam,Southeast Asia,5.763,1.349,1.212,0.381,0.741,0.134,0.122,Asia,5.7,0.4,14.25,7.02,45.0,91.0,76.0,1446.0,28.9,,,,,,,,,,,,,,,,,,,,,,25.01480470111248,17.49806453076923,106.5724803153846,0.0
Philippines,Southeast Asia,5.523,1.238,1.108,0.286,0.714,0.104,0.141,,,,,,65.0,83.0,67.0,2330.0,31.9,PHL,Asia,Northern Hemisphere,Medium,EAP,116.0,2021.0,13.12656975,2023.0,3.19571876804262,15.0632781405654,14.3372636807164,0.527718662782246,,,,,,,,,23.91171924290221,15.501219850000002,120.786867,0.0
Indonesia,Southeast Asia,5.277,1.384,1.169,0.314,0.663,0.422,0.038,,,,,,76.0,80.0,79.0,2355.0,31.6,IDN,Asia,Southern Hemisphere,High,EAP,114.0,2021.0,13.74889386,2023.0,2.07142784258711,1.02018119064291,8.08793615862747,0.439680387838775,34.0,IDN,ALCOHOL,TOT,LT_CAP15,A,2019.0,0.1,27.467252768583062,-3.5288468999999996,112.30796960233306,0.0
Laos,Southeast Asia,5.111,1.232,0.853,0.257,0.715,0.185,0.162,,,,,,67.0,83.0,32.0,1157.0,32.1,,,,,,,,,,,,,,,,,,,,,,27.16058689531639,18.117679483333333,103.48828778304976,0.0
Cambodia,Southeast Asia,4.393,1.025,1.024,0.283,0.768,0.176,0.051,,,,,,27.0,97.0,16.0,776.0,33.1,KHM,Asia,Northern Hemisphere,Medium,EAP,146.0,2021.0,11.46772,,,,,,,,,,,,,,28.24048360648882,11.7016918,103.82814938568632,0.0
Myanmar,Southeast Asia,4.372,1.032,1.125,0.269,0.46,0.4,0.194,,,,,,48.0,89.0,14.0,660.0,32.2,MMR,Asia,Northern Hemisphere,Medium,EAP,149.0,2021.0,10.90913752,,,,,,,,,,,,,,27.609088065310193,20.15394544,96.03628536,0.0
Taiwan Province of China,East Asia,6.535,1.89,1.372,0.492,0.562,0.067,0.178,,,,,,,,,,,,,,,,,,,,,,,,,,,,,,,,,,,
Japan,East Asia,6.129,1.825,1.396,0.622,0.556,0.009,0.207,Asia,4.8,1.7,2.82,35.42,2.0,106.0,1340.0,40964.0,19.2,JPN,Asia,Northern Hemisphere,Very High,,19.0,2021.0,15.22162588,2023.0,7.56197789944738,16.4939851149952,17.3662012586156,0.161446751878446,13.0,JPN,ALCOHOL,TOT,LT_CAP15,A,2019.0,7.1,15.775102495976473,35.9958465,135.86623409285716,0.0
Mongolia,East Asia,5.84,1.379,1.494,0.244,0.425,0.239,0.058,Asia,3.4,1.1,3.09,32.35,39.0,93.0,153.0,2241.0,8.1,MNG,Asia,Northern Hemisphere,High,EAP,96.0,2021.0,14.98034954,,,,,,,,,,,,,,2.296193665917049,47.16151644642857,102.92366438524002,0.0
Hong Kong S.A.R. of China,East Asia,5.308,1.951,1.201,0.702,0.407,0.123,0.39,,,,,,,,,,,,,,,,,,,,,,,,,,,,,,,,,,,
Kazakhstan,Commonwealth of Independent States,6.144,1.664,1.491,0.389,0.628,0.136,0.149,Asia,7.3,2.5,2.92,34.25,46.0,89.0,225.0,6380.0,13.5,KAZ,Asia,Northern Hemisphere,Very High,ECA,56.0,2021.0,15.76500034,2023.0,20.4096046294447,4.6531151494198,16.1463654301864,8.68326951800028,,,,,,,,,6.729476834276542,50.511099933333334,63.39066686666666,0.0
Tajikistan,Commonwealth of Independent States,5.33,0.972,1.248,0.291,0.599,0.104,0.292,Asia,13.5,1.4,9.64,10.37,,,,,,TJK,Asia,Northern Hemisphere,Medium,ECA,122.0,2021.0,11.65303618,,,,,,,,,,,,,,17.33840057679262,38.106698333333334,69.11413373333333,0.0
Mauritius,Sub-Saharan Africa,5.902,1.589,1.382,0.336,0.574,0.121,0.11,Africa,8.2,1.4,5.86,17.07,57.0,87.0,310.0,7812.0,26.8,MUS,Africa,Southern Hemisphere,Very High,SSA,63.0,2021.0,15.17352977,,,,,,,,,,,,,,21.7202151217969,-20.1624522,57.5028044,0.0
Congo (Brazzaville),Sub-Saharan Africa,5.267,0.921,0.665,0.145,0.464,0.134,0.136,,,,,,,,,,,,,,,,,,,,,,,,,,,,,,,,,,,
Ivory Coast,Sub-Saharan Africa,5.053,1.094,0.584,0.12,0.467,0.138,0.131,,,,,,103.0,61.0,69.0,1289.0,32.2,CIV,Africa,Northern Hemisphere,Medium,SSA,159.0,2021.0,10.67558002,,,,,,,,,,,,,,,,,
Nigeria,Sub-Saharan Africa,4.981,1.065,1.007,0.092,0.448,0.176,0.013,,,,,,98.0,68.0,,1752.0,33.3,NGA,Africa,Northern Hemisphere,Low,SSA,163.0,2021.0,10.12758388,2023.0,1.34381948575275,1.00507402414804,0.781285311028773,1.71680722023281,,,,,,,,,27.97398402379187,9.8681847,7.8053224,0.0
Cameroon,Sub-Saharan Africa,4.973,0.965,0.871,0.118,0.405,0.144,0.059,,,,,,100.0,67.0,36.0,1234.0,31.1,CMR,Africa,Northern Hemisphere,Medium,SSA,151.0,2021.0,13.10859922,,,,,,,,,,,,,,26.599408252456843,6.928337633333334,12.0709552,0.0
Mozambique,Sub-Saharan Africa,4.954,0.57,0.885,0.0,0.625,0.161,0.192,,,,,,,,,,,MOZ,Africa,Southern Hemisphere,Low,SSA,185.0,2021.0,10.2191516,,,,,,,,,,,,,,24.01115107433119,-19.501068433333337,34.894670166666664,0.0
Mauritania,Sub-Saharan Africa,4.724,1.099,0.764,0.244,0.32,0.13,0.195,,,,,,,,,,,MRT,Africa,Northern Hemisphere,Medium,SSA,158.0,2021.0,9.376159668,,,,,,,,,,,,,,29.306665038333335,18.227092333333335,-14.1712352,0.0
Burkina Faso,Sub-Saharan Africa,4.638,0.768,0.814,0.107,0.419,0.188,0.113,,,,,,,,,,,BFA,Africa,Northern Hemisphere,Low,SSA,184.0,2021.0,9.142100334,,,,,,,,,,,,,,28.640181815724333,11.9331723625,-2.2667804375,0.0
Namibia,Sub-Saharan Africa,4.631,1.289,1.126,0.145,0.383,0.069,0.071,,,,,,,,,,,NAM,Africa,Southern Hemisphere,Medium,SSA,139.0,2021.0,11.92720692,,,,,,,,,,,,,,21.001654901965335,-22.491464433333334,17.0625807,0.0
Niger,Sub-Saharan Africa,4.501,0.561,0.628,0.137,0.54,0.154,0.14,,,,,,96.0,69.0,15.0,434.0,36.5,NER,Africa,Northern Hemisphere,Low,SSA,189.0,2021.0,6.957111988,,,,,,,,,,,,,,30.044512472686392,14.334655833333334,7.344678666666667,0.0
Kenya,Sub-Saharan Africa,4.487,1.051,0.881,0.19,0.418,0.291,0.055,,,,,,91.0,74.0,62.0,939.0,27.4,KEN,Africa,Northern Hemisphere,Medium,SSA,152.0,2021.0,10.69855835,,,,,,,,,,,,,,20.59214015527555,-1.314339775,37.059415815408656,0.0
Chad,Sub-Saharan Africa,4.397,0.622,0.962,0.043,0.393,0.255,0.088,,,,,,89.0,75.0,16.0,630.0,35.6,TCD,Africa,Northern Hemisphere,Low,SSA,190.0,2021.0,8.035914334,,,,,,,,,,,,,,29.883802407458703,12.555092625,18.20550895,0.0
Gambia,Sub-Saharan Africa,4.279,0.761,0.614,0.174,0.286,0.332,0.033,,,,,,105.0,55.0,14.0,648.0,32.9,GMB,Africa,Northern Hemisphere,Low,SSA,174.0,2021.0,9.418626299,,,,,,,,,,,,,,,,,
Togo,Sub-Saharan Africa,4.137,0.77,0.642,0.161,0.367,0.149,0.136,,,,,,,,,,,TGO,Africa,Northern Hemisphere,Low,SSA,162.0,2021.0,12.95049378,,,,,,,,,,,,,,27.29763951258587,7.55692615,1.1797968,0.0
Ethiopia,Sub-Saharan Africa,4.091,0.793,1.114,0.25,0.451,0.283,0.101,,,,,,99.0,67.0,21.0,379.0,27.2,ETH,Africa,Northern Hemisphere,Low,SSA,175.0,2021.0,9.651071421,2023.0,2.51789324519562,0.01480454791738,0.109744319548901,0.359308779664616,,,,,,,,,21.020283964942735,9.2864719,39.340929275,0.0
Liberia,Sub-Saharan Africa,4.042,0.628,0.644,0.141,0.471,0.219,0.071,,,,,,,,,,,LBR,Africa,Northern Hemisphere,Low,SSA,178.0,2021.0,10.42078972,,,,,,,,,,,,,,27.443665478517648,6.14114905,-9.8573299,0.0
Madagascar,Sub-Saharan Africa,4.019,0.632,0.779,0.178,0.187,0.177,0.134,,,,,,,,,,,MDG,Africa,Southern Hemisphere,Low,SSA,173.0,2021.0,10.13499142,,,,,,,,,,,,,,23.713912396538273,-18.31202335,47.216476183333334,0.0
Zambia,Sub-Saharan Africa,3.982,0.914,0.89,0.095,0.545,0.189,0.08,,,,,,,,,,,ZMB,Africa,Southern Hemisphere,Medium,SSA,154.0,2021.0,10.92876021,,,,,,,,,,,,,,22.08824151780047,-14.28140692,28.25560888,0.0
Tanzania,Sub-Saharan Africa,3.694,0.836,0.787,0.214,0.607,0.234,0.269,,,,,,,,,,,TZA,Africa,Southern Hemisphere,Low,SSA,160.0,2021.0,9.221489906,,,,,,,,,,,,,,24.622066383903626,-6.6774479187499995,36.7642115730895,0.0
Comoros,Sub-Saharan Africa,3.545,0.914,0.327,0.215,0.117,0.129,0.145,,,,,,,,,,,COM,Africa,Southern Hemisphere,Medium,SSA,156.0,2021.0,11.92432393,,,,,,,,,,,,,,27.014864010120174,-11.6931255,43.2543044,0.0
Malawi,Sub-Saharan Africa,3.495,0.637,0.479,0.189,0.49,0.139,0.129,,,,,,,,,,,MWI,Africa,Southern Hemisphere,Low,SSA,169.0,2021.0,12.67898523,,,,,,,,,,,,,,24.44748811948405,-15.7862543,35.0035694,0.0
Botswana,Sub-Saharan Africa,3.435,1.471,1.041,0.087,0.48,0.021,0.071,,,,,,,,,,,BWA,Africa,Southern Hemisphere,Medium,SSA,117.0,2021.0,12.26513765,,,,,,,,,,,,,,24.53581763670589,-19.9770427,23.780021333333337,0.0
Congo (Kinshasa),Sub-Saharan Africa,3.207,0.531,0.784,0.105,0.375,0.183,0.068,,,,,,,,,,,,,,,,,,,,,,,,,,,,,,,,,,,
Zimbabwe,Sub-Saharan Africa,3.204,0.758,0.881,0.069,0.363,0.112,0.117,,,,,,92.0,74.0,50.0,843.0,27.1,ZWE,Africa,Southern Hemisphere,Medium,SSA,146.0,2021.0,12.11096904,,,,,,,,,,,,,,19.649238790338984,-19.28858435,31.189912,0.0
Sierra Leone,Sub-Saharan Africa,3.138,0.67,0.54,0.092,0.371,0.193,0.051,,,,,,107.0,52.0,16.0,412.0,30.4,SLE,Africa,Northern Hemisphere,Low,SSA,181.0,2021.0,9.57339109,,,,,,,,,,,,,,27.449529983792544,8.479004,-13.26795,0.0
Pakistan,South Asia,4.555,1.081,0.657,0.158,0.511,0.141,0.102,,,,,,75.0,81.0,27.0,985.0,30.9,PAK,Asia,Northern Hemisphere,Low,SA,161.0,2021.0,8.658349991,2023.0,6.59073237726924,3.5533799961e-06,6.14657376183431,2.01311404232303,,,,,,,,,23.06502163137997,30.863643940000003,70.59588790000001,0.0
Sri Lanka,South Asia,4.442,1.422,1.224,0.426,0.539,0.12,0.086,Asia,,0.15,,,61.0,85.0,55.0,2442.0,29.7,LKA,Asia,Northern Hemisphere,High,SA,73.0,2021.0,14.13990486,,,,,,,,,,,,,,25.612386131549197,7.30399517,80.4380038584698,0.0
India,South Asia,4.036,1.159,0.674,0.252,0.685,0.175,0.111,,,,,,84.0,77.0,47.0,1163.0,31.7,IND,Asia,Northern Hemisphere,Medium,SA,132.0,2021.0,11.87462044,2023.0,0.542250574859357,0.164643080168458,2.72121562100537,0.463386908232643,33.0,IND,ALCOHOL,TOT,LT_CAP15,A,2019.0,3.1,25.09940948363927,22.002535120689657,81.68058629157159,0.0
Afghanistan,South Asia,1.859,0.645,0.0,0.087,0.0,0.093,0.059,,,,,,73.0,81.0,15.0,474.0,24.4,AFG,Asia,Northern Hemisphere,Low,SA,180.0,2021.0,10.26384398,,,,,,,,,,,,,,17.871044645064327,36.113562116666664,68.08083138333333,0.0
